id,fixed acidity,volatile acidity,citric acid,residual sugar,chlorides,free sulfur dioxide,total sulfur dioxide,density,pH,sulphates,alcohol,type,quality
1257,7.2,0.2,0.37,2.5,0.063,11.0,41.0,0.9944,3.52,0.8,12.4,red,7.0
6409,8.2,0.3,0.39,7.8,0.039,49.0,208.0,0.9976,3.31,0.51,9.5,white,6.0
136,8.9,0.3,0.49,1.6,0.05,17.0,131.0,0.9956,3.13,0.34,9.4,white,5.0
1631,7.4,0.2,0.3,13.7,0.056,33.0,168.0,0.9982,2.9,0.44,8.7,white,7.0
6084,6.4,0.3,0.56,1.7,0.156,49.0,106.0,0.9935,3.1,0.37,9.2,white,6.0
5434,10.2,0.5,0.37,15.4,0.214,55.0,95.0,1.0037,3.18,0.77,9.0,red,6.0
1094,7.5,0.2,0.36,7.0,0.036,43.0,161.0,0.9938,3.04,0.32,11.0,white,5.0
5146,6.2,0.4,0.43,2.0,0.071,14.0,24.0,0.9943,3.45,0.87,11.2,red,7.0
5921,6.2,0.4,0.29,3.9,0.041,22.0,79.0,0.99,3.1,0.59,12.06666667,white,6.0
1076,8.1,0.2,0.4,2.0,0.037,19.0,87.0,0.9921,3.12,0.54,11.2,white,6.0
616,6.4,0.3,0.31,5.5,0.048,42.0,173.0,0.9951,3.19,0.66,9.3,white,6.0
4336,6.6,0.4,0.26,2.7,0.045,19.0,129.0,0.9895,3.24,0.48,13.0,white,7.0
219,6.0,0.3,0.47,3.6,0.067,18.0,42.0,0.9955,3.39,0.66,11.0,red,6.0
6403,10.4,0.4,0.55,3.2,0.076,22.0,54.0,0.9996,3.15,0.89,9.9,red,6.0
2397,6.1,0.3,0.27,2.6,0.024,20.0,105.0,0.9906,3.4,0.67,12.2,white,7.0
5240,8.6,0.2,0.4,1.1,0.04,20.0,107.0,0.9923,2.94,0.32,10.2,white,7.0
3696,6.6,0.4,0.35,6.0,0.063,31.0,150.0,0.9954,3.1,0.47,9.4,white,6.0
1070,10.3,0.5,0.42,2.0,0.069,21.0,51.0,0.9982,3.16,0.72,11.5,red,6.0
5890,7.0,0.6,0.12,1.9,0.091,34.0,124.0,0.9956,3.44,0.48,10.5,red,5.0
1270,7.5,0.2,0.38,1.8,0.054,19.0,101.0,0.9946,3.24,0.44,10.0,white,5.0
4641,8.9,0.6,0.39,2.3,0.095,5.0,22.0,0.9986,3.37,0.58,10.3,red,5.0
5299,8.0,0.3,0.63,1.6,0.081,16.0,29.0,0.9959,3.3,0.78,10.8,red,6.0
2494,7.7,0.3,0.26,7.8,0.031,23.0,90.0,0.9944,3.13,0.5,10.4,white,5.0
5276,6.7,0.4,0.24,5.4,0.035,33.0,115.0,0.9901,3.12,0.44,12.89333333,white,7.0
332,11.1,0.4,0.42,2.2,0.064,14.0,19.0,0.9976,3.25,0.57,10.4,red,6.0
3671,6.8,0.7,0.25,3.2,0.048,10.0,57.0,0.996,3.36,0.52,9.5,white,4.0
6367,7.2,0.2,0.32,8.5,0.058,47.0,186.0,0.9956,3.19,0.4,9.9,white,6.0
5681,6.6,0.2,0.32,1.1,0.039,25.0,78.0,0.9926,3.39,0.54,10.2,white,7.0
1741,7.8,0.7,0.06,1.9,0.079,20.0,35.0,0.9963,3.4,0.69,10.9,red,5.0
4715,7.7,0.3,0.33,6.7,0.037,32.0,155.0,0.9951,3.39,0.62,10.7,white,7.0
1114,7.8,0.3,0.36,7.0,0.042,38.0,161.0,0.9941,3.26,0.37,11.2,white,8.0
4105,6.7,0.2,0.5,2.1,0.043,27.0,122.0,0.9923,3.15,0.45,10.3,white,6.0
825,9.2,0.3,0.49,11.8,0.042,29.0,137.0,0.998,3.1,0.34,10.1,white,4.0
88,7.1,0.2,0.3,2.6,0.034,62.0,148.0,0.9912,3.03,0.56,11.3,white,7.0
4551,6.8,0.2,0.31,1.4,0.053,34.0,114.0,0.9929,3.39,0.77,10.6,white,6.0
227,12.3,0.4,0.63,2.3,0.091,6.0,18.0,1.0004,3.16,0.49,9.5,red,5.0
1369,6.6,0.2,0.35,1.4,0.05,23.0,83.0,0.9902,3.17,0.48,12.0,white,7.0
3722,10.7,0.4,0.53,2.6,0.07,5.0,16.0,0.9972,3.15,0.65,11.0,red,8.0
2341,7.2,0.2,0.31,1.6,0.062,31.0,173.0,0.9917,3.35,0.44,11.7,white,6.0
4882,6.6,0.2,0.38,2.2,0.026,40.0,104.0,0.9914,3.25,0.4,11.1,white,8.0
2382,8.3,0.3,0.45,1.3,0.048,8.0,72.0,0.9944,3.08,0.61,10.3,white,4.0
4075,6.3,0.2,0.3,1.8,0.033,16.0,91.0,0.9906,3.28,0.4,11.8,white,6.0
687,7.4,0.3,0.22,1.7,0.051,50.0,179.0,0.9955,3.28,0.69,8.9,white,5.0
2350,8.4,0.7,0.19,2.2,0.093,11.0,75.0,0.9974,3.2,0.59,9.2,red,4.0
2634,6.8,0.8,0.0,1.2,0.267,16.0,29.0,0.9947,3.32,0.51,9.8,red,3.0
5751,7.1,0.2,0.41,17.8,0.046,39.0,145.0,0.9998,3.32,0.39,8.7,white,5.0
5934,6.8,0.2,0.31,13.3,0.05,69.0,202.0,0.9972,3.22,0.48,9.7,white,6.0
6286,8.0,0.3,0.49,11.7,0.035,40.0,131.0,0.9958,3.14,0.34,10.8,white,5.0
6004,7.1,0.7,0.08,2.1,0.063,42.0,52.0,0.9961,3.42,0.6,10.2,red,6.0
4696,7.2,0.4,0.46,2.1,0.074,24.0,44.0,0.9953,3.4,0.85,11.0,red,7.0
5628,6.9,0.4,0.22,4.3,0.03,10.0,102.0,0.993,3.0,0.87,11.6,white,4.0
3066,6.6,0.3,0.31,4.8,0.138,41.0,168.0,0.9951,3.2,0.38,9.3,white,5.0
6267,6.8,0.3,0.16,1.4,0.038,122.5,234.5,0.9922,3.15,0.47,10.0,white,4.0
3950,6.4,0.3,0.23,6.3,0.039,37.0,143.0,0.9944,3.19,0.65,10.0,white,6.0
1834,6.0,0.5,0.06,1.8,0.05,38.0,89.0,0.9924,3.3,0.5,10.55,red,6.0
848,8.2,0.3,0.39,2.5,0.074,29.0,48.0,0.9953,3.32,0.88,12.4,red,7.0
5852,6.2,0.6,0.1,2.1,0.048,4.0,11.0,0.9945,3.44,0.76,10.8,red,6.0
3034,7.3,0.4,0.24,2.5,0.078,27.0,67.0,0.9965,3.6,0.59,11.1,red,6.0
1074,6.9,0.3,0.3,1.8,0.036,28.0,117.0,0.9927,3.24,0.48,11.0,white,6.0
1184,6.4,0.3,0.44,3.6,0.2,75.0,181.0,0.9942,3.02,0.41,9.1,white,5.0
3788,10.6,0.5,0.64,2.2,0.111,6.0,20.0,0.997,3.26,0.66,11.7,red,6.0
3267,7.9,0.2,0.29,5.3,0.031,33.0,117.0,0.9918,3.06,0.32,11.8,white,7.0
5640,6.9,0.2,0.28,2.4,0.056,49.0,159.0,0.9944,3.02,0.47,8.8,white,8.0
2076,5.4,0.6,0.08,1.9,0.059,20.0,31.0,0.9948,3.5,0.64,10.2,red,6.0
4634,6.6,0.9,0.04,2.3,0.068,7.0,13.0,0.9958,3.53,0.58,10.8,red,6.0
2075,9.8,0.4,0.47,2.5,0.063,9.0,28.0,0.9981,3.24,0.65,10.8,red,6.0
5741,7.7,0.2,0.41,1.7,0.048,60.0,173.0,0.9932,3.24,0.66,11.2,white,7.0
5008,6.9,0.2,0.36,1.3,0.036,40.0,117.0,0.9934,3.27,0.95,9.5,white,7.0
1485,6.6,0.3,0.46,7.8,0.047,48.0,186.0,0.9958,3.2,0.54,9.1,white,5.0
2010,9.4,0.7,0.11,2.7,0.077,6.0,31.0,0.9984,3.19,0.7,10.1,red,6.0
1899,6.9,0.3,0.4,19.45,0.043,36.0,156.0,0.9996,2.93,0.47,8.9,white,5.0
3514,11.8,0.2,0.38,11.1,0.034,15.0,123.0,0.9997,2.93,0.55,9.7,white,3.0
5819,7.0,0.6,0.18,1.5,0.062,7.0,50.0,0.9951,3.08,0.6,9.3,red,5.0
5040,7.1,0.5,0.07,1.7,0.071,15.0,24.0,0.9951,3.29,0.66,10.8,red,6.0
3998,7.1,0.5,0.22,2.0,0.047,146.5,307.5,0.9924,3.24,0.37,11.0,white,3.0
6425,8.2,0.3,0.26,2.1,0.062,26.0,87.0,0.9897,3.1,0.47,12.8,white,6.0
1733,7.3,0.4,0.24,6.8,0.057,41.0,163.0,0.9949,3.2,0.41,9.9,white,6.0
2925,7.2,0.6,0.02,1.9,0.096,10.0,31.0,0.995,3.46,0.53,11.8,red,6.0
1528,6.9,0.3,0.4,14.0,0.05,64.0,227.0,0.9979,3.18,0.58,9.6,white,6.0
2332,7.15,0.2,0.24,9.6,0.119,56.0,178.0,0.9958,3.15,0.44,10.2,white,6.0
3492,9.4,0.2,0.3,1.4,0.042,26.0,176.0,0.9954,3.15,0.46,9.1,white,5.0
6177,8.1,0.3,0.24,1.6,0.032,10.0,67.0,0.9924,3.08,0.47,10.5,white,5.0
5338,5.5,0.3,0.29,3.0,0.027,16.0,102.0,0.9907,3.23,0.56,11.2,white,6.0
2599,8.5,0.2,0.39,10.4,0.044,20.0,142.0,0.9974,3.2,0.53,10.0,white,6.0
512,7.9,0.3,0.36,11.1,0.033,43.0,208.0,0.9969,3.14,0.46,10.3,white,5.0
5118,6.2,0.2,0.35,1.2,0.038,22.0,167.0,0.9912,3.1,0.48,10.6,white,6.0
4024,6.1,0.4,0.28,4.25,0.032,43.0,132.0,0.9916,3.26,0.47,11.26666667,white,7.0
1095,8.7,0.8,0.02,1.2,0.07,36.0,48.0,0.9952,3.2,0.58,9.8,red,5.0
965,6.7,0.2,0.41,9.4,0.04,49.0,166.0,0.9954,3.12,0.61,9.9,white,6.0
1163,6.8,0.3,0.4,22.0,0.048,48.0,167.0,1.001,2.93,0.5,8.7,white,5.0
5773,8.1,0.3,0.4,6.9,0.05,30.0,97.0,0.9951,3.26,0.44,10.1,white,6.0
4154,7.4,0.4,0.31,17.95,0.062,42.0,187.0,1.0002,3.27,0.64,9.1,white,6.0
2968,7.8,0.3,0.49,1.3,0.046,27.0,142.0,0.9936,3.09,0.59,10.2,white,5.0
2294,7.1,0.2,0.34,1.0,0.033,27.0,73.0,0.9897,3.24,0.41,12.2,white,6.0
2652,6.2,0.1,0.34,1.5,0.045,43.0,117.0,0.9939,3.42,0.51,9.0,white,6.0
4632,7.1,0.2,0.41,17.8,0.046,39.0,145.0,0.9998,3.32,0.39,8.7,white,5.0
4585,8.4,0.3,0.46,8.7,0.048,39.0,197.0,0.9974,3.14,0.59,9.6,white,6.0
754,7.8,0.2,0.37,1.0,0.043,10.0,80.0,0.9913,3.08,0.38,11.4,white,5.0
3471,7.9,0.4,0.37,4.5,0.03,40.0,114.0,0.992,3.17,0.54,12.4,white,7.0
3506,7.1,0.3,0.24,13.1,0.05,52.0,204.0,0.998,3.1,0.49,8.8,white,5.0
1513,6.7,0.2,0.26,1.4,0.06,33.0,154.0,0.9934,3.24,0.56,9.5,white,6.0
210,6.9,0.2,0.34,1.9,0.043,25.0,136.0,0.9935,3.31,0.6,10.1,white,4.0
664,7.3,0.3,0.74,13.5,0.039,46.0,165.0,0.9982,3.02,0.4,8.7,white,5.0
6414,6.9,0.3,0.27,16.0,0.034,58.0,185.0,0.9994,3.34,0.6,9.0,white,6.0
2418,6.6,0.3,0.26,7.7,0.054,56.0,209.0,0.9961,3.17,0.45,8.8,white,5.0
2468,4.8,0.3,0.23,1.1,0.044,38.0,180.0,0.9892,3.28,0.34,11.9,white,6.0
1127,7.5,0.5,0.4,2.2,0.06,12.0,20.0,0.9947,3.26,0.64,11.8,red,6.0
4820,13.0,0.3,0.65,2.6,0.093,15.0,47.0,0.9996,3.05,0.61,10.6,red,5.0
495,7.2,0.7,0.0,2.2,0.068,10.0,24.0,0.9956,3.42,0.72,11.1,red,6.0
6256,6.1,0.3,0.32,7.8,0.052,52.0,183.0,0.9966,3.39,0.65,9.5,white,5.0
2732,5.8,0.3,0.23,5.0,0.053,29.0,106.0,0.9946,3.13,0.52,9.0,white,5.0
3053,7.2,0.3,0.26,1.5,0.041,46.0,178.0,0.9915,3.19,0.56,11.3,white,6.0
2954,6.8,0.5,0.08,2.2,0.064,18.0,38.0,0.9955,3.3,0.65,9.6,red,6.0
3663,6.8,0.6,0.29,2.2,0.04,15.0,77.0,0.9938,3.32,0.74,10.2,white,5.0
4410,6.8,0.2,0.32,1.4,0.04,35.0,106.0,0.9903,3.16,0.66,12.0,white,5.0
2153,6.0,0.4,0.0,1.4,0.042,7.0,55.0,0.9914,3.37,0.38,11.2,white,4.0
4691,7.0,0.3,0.39,8.7,0.051,32.0,141.0,0.9961,3.38,0.53,10.5,white,6.0
2971,6.6,0.4,0.16,1.4,0.037,28.0,160.0,0.9917,2.95,0.45,10.6,white,6.0
2616,7.5,0.3,0.36,7.0,0.036,45.0,164.0,0.9939,3.03,0.33,11.0,white,5.0
102,9.3,0.3,0.49,1.3,0.042,34.0,147.0,0.9948,3.11,0.46,9.8,white,5.0
1610,6.2,0.3,0.32,8.8,0.047,65.0,224.0,0.9961,3.17,0.47,8.9,white,5.0
3766,8.0,0.4,0.32,1.6,0.04,32.0,166.0,0.992,3.0,0.55,11.3,white,6.0
3072,7.0,0.2,0.35,1.4,0.036,31.0,113.0,0.9912,3.16,0.48,10.8,white,7.0
2951,5.6,0.2,0.36,2.5,0.048,16.0,125.0,0.9928,3.49,0.49,10.0,white,6.0
2087,5.3,0.3,0.2,1.1,0.077,48.0,166.0,0.9944,3.3,0.54,8.7,white,4.0
4593,7.4,0.2,0.26,1.2,0.035,18.0,97.0,0.9924,3.12,0.41,9.7,white,6.0
6184,6.8,0.2,0.3,13.6,0.055,50.0,180.0,0.9984,3.44,0.39,9.8,white,5.0
3347,10.6,0.3,0.39,15.5,0.069,6.0,23.0,1.0026,3.12,0.66,9.2,red,5.0
2806,5.9,0.4,0.26,1.4,0.027,23.0,109.0,0.9915,3.3,0.36,10.5,white,6.0
3083,7.8,0.5,0.25,1.9,0.081,14.0,38.0,0.9984,3.43,0.65,9.0,red,6.0
1815,6.3,0.3,0.34,1.6,0.049,14.0,132.0,0.994,3.3,0.49,9.5,white,6.0
4814,6.6,0.4,0.15,4.6,0.044,25.0,78.0,0.9931,3.11,0.38,10.2,white,6.0
6316,7.6,0.3,0.36,2.1,0.034,26.0,172.0,0.9944,3.42,0.48,10.5,white,6.0
6480,7.4,0.2,0.36,2.05,0.05,31.0,100.0,0.992,3.19,0.44,10.8,white,6.0
6471,7.9,0.6,0.46,10.6,0.244,33.0,227.0,0.9983,2.87,0.74,9.1,white,3.0
3173,7.4,0.2,0.4,5.5,0.037,34.0,161.0,0.9935,3.05,0.62,11.5,white,4.0
3539,7.3,0.4,0.24,6.7,0.058,41.0,166.0,0.995,3.2,0.41,9.9,white,6.0
1247,5.6,0.3,0.78,13.9,0.074,23.0,92.0,0.9968,3.39,0.48,10.5,red,6.0
2778,6.3,0.4,0.24,6.9,0.069,9.0,117.0,0.9942,3.15,0.35,10.2,white,4.0
3534,7.2,0.2,0.38,14.3,0.058,55.0,194.0,0.9979,3.09,0.44,9.0,white,6.0
963,7.1,0.2,0.39,2.1,0.036,30.0,124.0,0.9908,3.28,0.43,12.2,white,8.0
708,7.1,0.2,0.32,2.2,0.037,28.0,141.0,0.993,3.2,0.57,10.0,white,7.0
4145,5.8,0.3,0.24,9.2,0.044,55.0,152.0,0.9961,3.31,0.38,9.4,white,5.0
1594,5.8,0.3,0.18,1.2,0.031,40.0,114.0,0.9908,3.42,0.4,11.0,white,7.0
5734,6.8,0.3,0.4,22.0,0.048,48.0,167.0,1.001,2.93,0.5,8.7,white,5.0
1304,6.3,0.3,0.32,1.5,0.03,24.0,101.0,0.9892,3.21,0.42,13.0,white,5.0
3748,5.8,0.3,0.21,2.6,0.025,12.0,120.0,0.9894,3.39,0.79,14.0,white,7.0
6189,6.4,0.2,0.29,1.8,0.044,21.0,115.0,0.9917,3.1,0.38,10.2,white,5.0
3245,6.9,0.2,0.35,1.0,0.052,35.0,146.0,0.993,3.45,0.44,10.0,white,6.0
3697,11.6,0.5,0.4,1.4,0.091,6.0,28.0,0.997,3.07,0.65,10.03333333,red,6.0
1859,6.5,0.6,0.33,1.8,0.059,16.0,28.0,0.9953,3.36,0.64,10.1,red,6.0
475,6.8,0.2,0.33,4.7,0.059,31.0,118.0,0.9956,3.43,0.39,9.0,white,7.0
4161,7.8,0.3,0.36,7.0,0.042,38.0,161.0,0.9941,3.26,0.37,11.2,white,8.0
775,5.6,0.3,0.57,10.7,0.056,66.0,171.0,0.9946,3.25,0.61,10.4,white,7.0
2486,5.2,0.2,0.45,3.8,0.027,21.0,128.0,0.992,3.55,0.49,11.2,white,8.0
2791,6.9,0.2,0.26,5.2,0.024,36.0,135.0,0.9948,3.16,0.72,10.7,white,7.0
3583,8.7,0.7,0.31,3.0,0.086,23.0,81.0,1.0002,3.48,0.74,11.6,red,6.0
6186,6.1,0.2,0.3,1.2,0.036,42.0,107.0,0.991,3.34,0.56,10.8,white,7.0
5924,7.1,0.3,0.27,10.4,0.041,26.0,114.0,0.9934,3.04,0.52,11.5,white,7.0
4788,7.6,0.4,0.31,2.1,0.069,13.0,74.0,0.9958,3.26,0.54,9.9,red,6.0
2589,7.2,0.2,0.27,1.4,0.038,31.0,122.0,0.9927,3.15,0.46,10.3,white,6.0
5305,6.0,0.3,0.19,1.7,0.02,24.0,110.0,0.9898,3.32,0.47,12.6,white,7.0
3164,10.2,0.6,0.36,1.8,0.053,5.0,14.0,0.9982,3.17,0.42,10.0,red,6.0
451,5.7,0.2,0.28,1.3,0.027,26.0,101.0,0.9895,3.35,0.38,12.5,white,7.0
2376,7.8,0.5,0.49,7.0,0.043,29.0,149.0,0.9952,3.21,0.33,10.0,white,5.0
13,7.2,0.4,0.46,2.1,0.074,24.0,44.0,0.9953,3.4,0.85,11.0,red,7.0
4807,6.3,0.2,0.21,5.1,0.035,29.0,142.0,0.9942,3.36,0.33,10.1,white,7.0
2748,6.9,0.3,0.23,8.6,0.056,56.0,215.0,0.9967,3.17,0.44,8.8,white,5.0
4499,8.2,0.4,0.36,1.0,0.034,17.0,93.0,0.9906,3.04,0.32,11.7,white,8.0
5033,6.6,0.2,0.35,14.0,0.069,42.0,163.0,0.999,3.56,0.47,9.8,white,6.0
2910,7.9,0.7,0.0,1.4,0.096,6.0,13.0,0.9957,3.43,0.58,9.5,red,5.0
5570,5.9,0.6,0.1,2.2,0.062,39.0,51.0,0.9951,3.52,0.76,11.2,red,6.0
2488,7.4,0.2,0.3,13.7,0.056,33.0,168.0,0.9982,2.9,0.44,8.7,white,7.0
4109,5.1,0.4,0.01,1.5,0.017,25.0,102.0,0.9894,3.38,0.36,12.3,white,7.0
4195,6.7,0.2,0.39,2.9,0.173,63.0,157.0,0.9937,3.1,0.34,9.4,white,6.0
1881,6.6,0.2,0.29,14.45,0.057,29.0,144.0,0.9976,3.33,0.54,10.2,white,6.0
2242,6.6,0.2,0.31,11.4,0.039,46.0,165.0,0.998,3.41,0.44,9.8,white,7.0
758,5.9,0.4,0.32,6.0,0.034,50.0,127.0,0.992,3.51,0.58,12.5,white,7.0
1474,6.8,0.2,0.34,4.7,0.031,34.0,134.0,0.9927,3.21,0.38,10.6,white,6.0
5610,6.6,0.3,0.28,8.5,0.052,55.0,211.0,0.9962,3.09,0.55,8.9,white,6.0
5587,7.1,0.8,0.02,4.4,0.096,5.0,13.0,0.997,3.41,0.57,11.0,red,4.0
1970,7.1,0.2,0.35,16.5,0.04,60.0,171.0,0.999,3.16,0.59,9.1,white,6.0
2657,10.3,0.2,0.47,1.4,0.037,5.0,33.0,0.9939,2.89,0.28,9.6,white,3.0
4859,7.1,0.5,0.0,2.2,0.067,7.0,14.0,0.9952,3.4,0.58,10.9,red,6.0
4333,7.2,0.2,0.39,2.3,0.033,29.0,102.0,0.9908,3.26,0.54,12.3,white,7.0
6492,6.8,0.2,0.34,2.7,0.047,64.5,218.5,0.9934,3.3,0.58,9.7,white,6.0
543,7.0,0.2,0.32,8.3,0.045,38.0,126.0,0.9958,3.21,0.34,9.2,white,5.0
4270,8.6,0.4,0.39,1.8,0.068,6.0,12.0,0.9952,3.35,0.69,11.7,red,8.0
3804,9.3,0.5,0.29,2.1,0.127,6.0,16.0,0.9968,3.22,0.72,11.2,red,6.0
450,6.7,0.2,0.41,9.1,0.044,50.0,166.0,0.9954,3.14,0.58,9.8,white,6.0
2786,9.3,0.4,0.4,2.6,0.073,10.0,26.0,0.9984,3.34,0.75,10.2,red,6.0
3967,8.5,0.2,0.51,1.75,0.071,45.0,88.0,0.9952,3.33,0.76,11.8,red,7.0
5568,6.9,0.2,0.35,1.7,0.036,33.0,101.0,0.9932,3.21,0.54,10.8,white,7.0
2682,7.3,0.3,0.74,13.5,0.039,46.0,165.0,0.9982,3.02,0.4,8.7,white,5.0
2277,6.1,0.4,0.14,10.4,0.037,18.0,119.0,0.996,3.38,0.45,10.0,white,5.0
3946,6.9,0.7,0.03,2.3,0.054,7.0,16.0,0.9951,3.45,0.63,11.5,red,6.0
4308,6.9,0.3,0.49,23.5,0.057,59.0,235.0,1.0024,2.98,0.47,8.6,white,5.0
856,7.1,0.2,0.49,1.8,0.039,8.0,18.0,0.9934,3.39,0.56,12.4,red,6.0
1279,7.5,0.3,0.39,12.4,0.065,29.0,119.0,0.9974,3.16,0.39,9.4,white,5.0
3987,6.0,0.3,0.66,15.9,0.046,26.0,164.0,0.9979,3.14,0.5,8.8,white,6.0
5536,7.15,0.2,0.24,9.6,0.119,56.0,178.0,0.9958,3.15,0.44,10.2,white,6.0
345,6.0,0.3,0.42,5.2,0.027,70.0,178.0,0.9914,3.4,0.4,12.3,white,8.0
2172,6.0,0.6,0.2,2.4,0.075,15.0,50.0,0.9947,3.58,0.67,12.5,red,6.0
2834,6.8,0.2,0.24,4.9,0.092,30.0,123.0,0.9951,3.03,0.46,8.6,white,6.0
1286,6.4,0.1,0.47,1.6,0.092,40.0,158.0,0.9928,3.21,0.36,9.8,white,6.0
6350,8.6,0.7,0.24,6.6,0.117,31.0,134.0,1.0014,3.32,1.07,9.3,red,5.0
1908,7.3,0.4,0.37,1.1,0.043,36.0,113.0,0.991,3.39,0.48,12.7,white,8.0
5070,8.8,0.5,0.34,2.7,0.087,24.0,122.0,0.9982,3.26,0.61,9.5,red,5.0
2933,7.4,0.2,0.3,13.7,0.056,33.0,168.0,0.9982,2.9,0.44,8.7,white,7.0
1486,6.1,0.3,0.37,8.4,0.031,70.0,170.0,0.9934,3.42,0.4,11.7,white,8.0
4128,5.8,0.3,0.23,5.0,0.053,29.0,106.0,0.9946,3.13,0.52,9.0,white,5.0
1882,8.7,0.2,0.32,13.4,0.044,35.0,169.0,0.9998,3.12,0.47,8.8,white,7.0
2937,6.5,0.1,0.33,1.9,0.028,23.0,93.0,0.991,3.34,0.7,12.0,white,7.0
4329,6.8,0.3,0.24,7.8,0.052,54.0,214.0,0.9961,3.13,0.47,8.9,white,5.0
3839,6.9,0.5,0.3,2.2,0.088,9.0,105.0,0.9972,3.25,1.18,10.5,red,6.0
4457,10.0,0.3,0.54,1.9,0.083,42.0,74.0,0.9945,2.98,0.63,11.8,red,8.0
2773,11.9,0.4,0.65,2.15,0.068,7.0,27.0,0.9988,3.06,0.68,11.3,red,6.0
4055,8.6,0.2,0.46,1.0,0.054,9.0,72.0,0.9941,2.95,0.49,9.1,white,6.0
2437,7.8,0.2,0.46,12.6,0.042,41.0,143.0,1.0,3.24,0.76,8.5,white,8.0
1307,8.5,0.2,0.41,4.3,0.036,24.0,99.0,0.9947,3.18,0.53,9.7,white,6.0
2912,7.5,0.6,0.56,3.1,0.153,5.0,14.0,0.9948,3.21,1.03,11.6,red,6.0
987,6.5,0.5,0.06,2.0,0.063,29.0,44.0,0.9949,3.38,0.83,10.3,red,6.0
5726,7.8,0.2,0.37,1.0,0.043,10.0,80.0,0.9913,3.08,0.38,11.4,white,5.0
5554,7.8,0.4,0.56,1.0,0.04,8.0,84.0,0.9938,3.25,0.43,10.8,white,5.0
3931,7.7,1.0,0.2,2.0,0.047,15.0,60.0,0.9955,3.36,0.44,10.9,red,5.0
31,7.4,0.4,0.33,2.4,0.068,9.0,26.0,0.9947,3.36,0.6,11.9,red,6.0
2800,6.9,0.2,0.35,1.7,0.036,33.0,101.0,0.9932,3.21,0.54,10.8,white,7.0
3738,7.0,0.3,0.32,1.2,0.053,38.0,138.0,0.9906,3.13,0.28,11.2,white,6.0
2716,6.1,0.6,0.02,2.4,0.069,26.0,46.0,0.9936,3.47,0.45,11.0,red,5.0
270,8.2,0.3,0.44,1.3,0.046,7.0,69.0,0.9944,3.14,0.62,10.2,white,4.0
5752,6.6,0.6,0.2,8.7,0.046,81.0,224.0,0.996,3.17,0.44,9.3,white,5.0
6226,6.8,0.5,0.32,13.2,0.044,54.0,221.0,0.9972,3.27,0.5,9.6,white,6.0
3880,6.0,0.3,0.27,2.3,0.042,19.0,120.0,0.9895,3.32,0.41,12.7,white,7.0
1258,6.6,0.2,0.33,10.1,0.032,8.0,81.0,0.9963,3.19,0.51,9.8,white,6.0
2441,6.2,0.3,0.16,7.0,0.045,30.0,136.0,0.9949,3.18,0.47,9.6,white,6.0
5410,5.7,0.3,0.36,1.8,0.041,38.0,90.0,0.99,3.27,0.98,11.9,white,7.0
5912,6.2,0.3,0.57,1.0,0.043,50.0,92.0,0.99,3.17,0.36,11.5,white,6.0
1411,9.1,0.4,0.5,1.8,0.071,7.0,16.0,0.9946,3.21,0.69,12.5,red,8.0
3584,6.9,0.5,0.36,3.5,0.03,31.0,135.0,0.9904,3.14,0.38,12.2,white,7.0
6234,7.5,1.1,0.1,3.1,0.086,5.0,12.0,0.9958,3.54,0.6,11.2,red,4.0
4577,7.1,0.7,0.16,1.9,0.1,15.0,77.0,0.9966,3.27,0.64,9.3,red,5.0
5471,7.4,0.3,0.37,9.4,0.047,42.0,147.0,0.9982,3.46,0.72,10.0,white,5.0
2354,8.2,0.4,0.24,2.3,0.063,10.0,28.0,0.9961,3.25,0.53,10.2,red,6.0
4310,7.2,0.4,0.46,2.1,0.074,24.0,44.0,0.9953,3.4,0.85,11.0,red,7.0
4225,7.8,0.6,0.09,2.3,0.065,34.0,45.0,0.9942,3.46,0.74,12.7,red,8.0
521,9.2,0.2,0.4,2.4,0.054,18.0,151.0,0.9952,3.04,0.46,9.3,white,4.0
2938,7.4,0.3,0.42,1.1,0.033,17.0,171.0,0.9917,3.12,0.53,11.3,white,6.0
5865,5.4,0.3,0.47,3.0,0.052,47.0,145.0,0.993,3.29,0.75,10.0,white,6.0
5590,7.0,0.3,0.36,20.7,0.045,45.0,170.0,1.001,3.0,0.45,8.8,white,6.0
372,7.3,0.7,0.02,2.2,0.072,31.0,92.0,0.9957,3.32,0.68,11.06666667,red,6.0
6059,7.6,0.3,0.34,18.35,0.054,44.0,197.0,1.0008,3.22,0.55,9.0,white,5.0
167,11.9,0.4,0.69,2.3,0.078,12.0,24.0,0.9958,3.0,0.65,12.8,red,6.0
5936,7.9,0.2,0.45,1.5,0.045,17.0,96.0,0.9917,3.13,0.39,11.0,white,6.0
5411,7.4,0.2,0.37,6.9,0.02,14.0,93.0,0.9939,3.0,0.48,10.7,white,7.0
3507,6.6,0.3,0.42,8.2,0.044,60.0,196.0,0.9956,3.14,0.48,9.4,white,5.0
3654,8.0,0.2,0.37,9.6,0.054,23.0,159.0,0.998,3.32,0.47,9.8,white,4.0
759,12.5,0.4,0.55,2.6,0.083,25.0,68.0,0.9995,3.15,0.82,10.4,red,6.0
4614,10.0,0.3,0.4,2.9,0.098,10.0,26.0,1.0006,3.48,0.91,9.7,red,5.0
4273,6.4,0.2,0.34,16.05,0.04,56.0,142.0,0.9968,3.11,0.38,10.6,white,5.0
64,6.4,0.2,0.29,1.8,0.044,21.0,115.0,0.9917,3.1,0.38,10.2,white,5.0
5986,7.1,0.3,0.6,2.1,0.074,17.0,25.0,0.9981,3.38,0.72,10.6,red,6.0
4396,7.3,0.3,0.23,13.7,0.05,49.0,197.0,0.9985,3.2,0.46,8.7,white,5.0
4671,5.8,0.6,0.01,8.4,0.041,31.0,104.0,0.9909,3.26,0.72,14.05,white,6.0
3488,7.6,0.3,0.29,2.5,0.059,37.0,115.0,0.9933,3.09,0.37,9.8,white,5.0
1642,7.1,0.3,0.24,13.1,0.05,52.0,204.0,0.998,3.1,0.49,8.8,white,5.0
3585,7.2,0.4,0.63,11.0,0.044,55.0,156.0,0.9974,3.09,0.44,8.7,white,6.0
5097,7.0,0.2,0.24,9.0,0.03,42.0,219.0,0.9964,3.47,0.46,10.2,white,6.0
4275,6.6,0.4,0.07,1.4,0.048,58.0,144.0,0.9922,3.17,0.38,10.0,white,5.0
3157,7.9,0.5,0.32,4.1,0.033,40.0,138.0,0.9912,3.18,0.44,12.8,white,7.0
3754,6.2,0.3,0.3,2.5,0.041,29.0,82.0,0.9906,3.31,0.61,11.8,white,6.0
1045,5.6,0.2,0.27,1.4,0.044,53.0,168.0,0.9918,3.28,0.37,10.1,white,6.0
4171,5.4,0.2,0.35,6.5,0.029,26.0,87.0,0.9909,3.29,0.44,12.5,white,7.0
5257,6.1,0.2,0.31,1.4,0.039,40.0,129.0,0.9919,3.45,0.59,10.9,white,5.0
277,6.7,0.4,0.24,5.4,0.035,33.0,115.0,0.9901,3.12,0.44,12.89333333,white,7.0
3156,6.7,0.2,0.36,1.1,0.026,63.0,143.0,0.9912,3.27,0.48,11.0,white,6.0
2513,12.3,0.4,0.63,2.3,0.091,6.0,18.0,1.0004,3.16,0.49,9.5,red,5.0
6224,6.6,0.2,0.38,7.9,0.052,30.0,145.0,0.9947,3.32,0.56,11.0,white,7.0
6300,6.4,0.2,0.32,2.4,0.048,41.0,200.0,0.9938,3.5,0.5,9.7,white,6.0
2538,7.4,0.2,0.36,1.2,0.038,44.0,111.0,0.9926,3.36,0.34,9.9,white,6.0
817,10.4,0.4,0.55,3.2,0.076,22.0,54.0,0.9996,3.15,0.89,9.9,red,6.0
5565,6.9,0.4,0.56,11.2,0.043,40.0,142.0,0.9975,3.14,0.46,8.7,white,5.0
4531,6.5,0.4,0.23,8.3,0.051,28.0,91.0,0.9952,3.44,0.55,12.1,red,6.0
5999,7.5,0.6,0.02,2.6,0.077,11.0,35.0,0.9956,3.36,0.62,10.8,red,6.0
2424,8.0,0.6,0.17,8.2,0.04,13.0,60.0,0.9956,3.09,0.3,9.5,white,4.0
1056,8.0,0.8,0.32,2.1,0.079,16.0,74.0,0.9966,3.27,0.5,9.8,red,6.0
2361,7.4,0.2,0.3,13.7,0.056,33.0,168.0,0.9982,2.9,0.44,8.7,white,7.0
1896,6.1,0.5,0.08,1.9,0.077,24.0,45.0,0.9953,3.6,0.68,10.3,red,6.0
804,8.8,0.3,0.44,6.35,0.024,9.0,87.0,0.9917,2.96,0.4,12.6,white,7.0
4521,7.5,0.6,0.02,2.6,0.077,11.0,35.0,0.9956,3.36,0.62,10.8,red,6.0
2337,6.1,0.1,0.25,3.3,0.04,10.0,69.0,0.9934,3.54,0.59,10.1,white,6.0
980,8.8,0.3,0.25,5.0,0.024,52.0,99.0,0.9925,2.87,0.49,11.4,white,5.0
3817,8.0,0.3,0.26,1.2,0.05,11.5,88.0,0.9946,3.24,0.37,9.5,white,4.0
5550,6.8,0.2,0.34,4.7,0.031,34.0,134.0,0.9927,3.21,0.38,10.6,white,6.0
2979,6.3,0.6,0.44,11.0,0.05,50.0,245.0,0.9972,3.19,0.57,9.3,white,4.0
3357,5.8,0.2,0.39,1.5,0.054,37.0,158.0,0.9932,3.21,0.52,9.3,white,6.0
2168,7.5,0.4,0.57,2.3,0.106,5.0,12.0,0.996,3.36,0.55,11.4,red,6.0
4570,5.2,0.2,0.45,3.8,0.027,21.0,128.0,0.992,3.55,0.49,11.2,white,8.0
4485,6.7,0.7,0.02,1.9,0.061,26.0,42.0,0.9949,3.39,0.82,10.9,red,6.0
1830,6.4,0.4,0.14,2.2,0.038,15.0,25.0,0.9951,3.44,0.65,11.1,red,6.0
4891,8.9,0.3,0.49,1.6,0.05,17.0,131.0,0.9956,3.13,0.34,9.4,white,5.0
3284,7.4,0.2,0.42,14.0,0.066,48.0,198.0,0.9979,2.89,0.42,8.9,white,6.0
1248,5.8,0.2,0.28,1.4,0.038,40.0,76.0,0.9871,3.1,0.29,13.9,white,7.0
3168,6.0,0.2,0.26,12.4,0.048,50.0,147.0,0.9972,3.3,0.36,8.9,white,6.0
2071,6.3,0.5,0.04,1.1,0.046,30.0,99.0,0.9928,3.24,0.36,9.6,white,6.0
288,6.2,0.4,0.39,2.5,0.077,6.0,14.0,0.9956,3.51,0.69,11.0,red,6.0
5346,5.3,0.6,0.07,7.1,0.044,34.0,145.0,0.9945,3.34,0.57,9.7,white,6.0
4146,7.4,0.6,0.19,1.8,0.082,15.0,34.0,0.9966,3.49,0.68,10.5,red,5.0
961,6.9,0.2,0.32,9.3,0.04,22.0,110.0,0.9958,3.34,0.54,10.7,white,7.0
610,6.9,0.2,0.26,5.2,0.024,36.0,135.0,0.9948,3.16,0.72,10.7,white,7.0
4727,7.2,0.4,0.15,2.0,0.029,27.0,87.0,0.9903,3.3,0.59,12.6,white,7.0
479,6.1,0.4,0.31,0.9,0.048,23.0,170.0,0.993,3.22,0.77,9.5,white,6.0
4092,6.4,0.2,0.32,2.4,0.048,41.0,200.0,0.9938,3.5,0.5,9.7,white,6.0
5548,7.1,0.3,0.46,1.5,0.066,29.0,133.0,0.9906,3.12,0.54,12.7,white,6.0
5666,8.7,0.2,0.32,13.4,0.044,35.0,169.0,0.9998,3.12,0.47,8.8,white,7.0
2394,6.4,0.8,0.04,2.2,0.061,11.0,17.0,0.9959,3.53,0.65,10.4,red,6.0
3528,7.1,0.2,0.36,1.2,0.043,21.0,90.0,0.9925,3.16,0.42,11.0,white,7.0
192,7.1,0.4,0.37,2.7,0.041,35.0,128.0,0.9896,3.07,0.43,13.5,white,7.0
5749,7.8,0.2,0.39,1.8,0.034,62.0,180.0,0.991,3.09,0.75,12.6,white,8.0
3087,5.8,0.3,0.18,1.2,0.031,40.0,114.0,0.9908,3.42,0.4,11.0,white,7.0
2813,7.0,0.6,0.13,2.2,0.075,15.0,35.0,0.9959,3.36,0.59,9.7,red,6.0
3274,6.1,0.4,0.0,1.6,0.063,36.0,87.0,0.9914,3.27,0.67,10.8,white,6.0
5594,12.8,0.8,0.63,2.4,0.088,13.0,35.0,0.9997,3.1,0.6,10.4,red,6.0
1805,7.1,0.3,0.49,1.6,0.045,31.0,100.0,0.9942,3.4,0.59,10.2,white,5.0
5193,5.5,0.4,0.09,1.6,0.019,18.0,68.0,0.9906,3.33,0.51,11.4,white,7.0
436,6.7,0.4,0.01,2.8,0.048,39.0,137.0,0.9942,3.24,0.35,9.5,white,5.0
400,6.0,0.3,0.27,2.3,0.044,20.0,117.0,0.9895,3.31,0.41,12.7,white,7.0
356,6.9,0.4,0.24,2.1,0.102,4.0,7.0,0.9946,3.44,0.58,11.4,red,4.0
4983,6.7,0.2,0.34,1.5,0.035,45.0,123.0,0.9895,3.24,0.36,12.6,white,6.0
6441,6.2,0.4,0.27,3.2,0.032,13.0,73.0,0.9894,2.9,0.69,12.6,white,7.0
4676,7.1,0.2,0.39,13.7,0.058,26.0,172.0,0.9976,2.9,0.46,9.0,white,6.0
1191,6.4,0.2,0.32,0.95,0.041,23.0,131.0,0.9903,3.25,0.35,11.8,white,5.0
5790,8.2,0.2,0.4,7.5,0.049,12.0,76.0,0.9966,3.06,0.84,9.7,white,6.0
1314,6.1,0.3,0.32,7.8,0.052,52.0,183.0,0.9966,3.39,0.65,9.5,white,5.0
2624,7.5,0.6,0.22,1.8,0.082,43.0,60.0,0.995,3.1,0.42,9.2,red,5.0
5625,7.0,0.4,0.35,2.5,0.048,67.0,161.0,0.9915,3.05,0.56,11.1,white,6.0
3846,5.8,0.2,0.49,1.1,0.048,21.0,98.0,0.9929,3.19,0.48,9.2,white,5.0
1718,6.4,0.2,0.34,1.4,0.023,56.0,115.0,0.9896,3.18,0.7,11.7,white,6.0
4376,7.0,0.2,0.32,1.1,0.032,29.0,80.0,0.9897,3.23,0.36,12.1,white,6.0
1837,10.0,0.4,0.45,6.2,0.071,6.0,14.0,0.997,3.21,0.49,11.8,red,7.0
5659,6.3,0.3,0.37,1.1,0.04,37.0,114.0,0.9905,3.0,0.39,10.9,white,6.0
4591,8.6,0.5,0.22,2.0,0.1,7.0,27.0,0.9967,3.2,0.56,10.2,red,6.0
1892,6.1,0.2,0.36,2.0,0.038,20.0,249.5,0.9923,3.37,0.79,11.3,white,6.0
742,8.0,0.5,0.39,2.6,0.082,12.0,46.0,0.9985,3.43,0.62,10.7,red,6.0
702,6.4,0.2,0.34,1.4,0.023,56.0,115.0,0.9896,3.18,0.7,11.7,white,6.0
2174,9.5,0.8,0.22,1.9,0.077,6.0,32.0,0.9988,3.26,0.56,10.6,red,6.0
172,5.3,0.3,0.24,7.4,0.038,28.0,114.0,0.9931,3.38,0.51,11.0,white,6.0
255,7.0,0.1,0.4,1.7,0.035,16.0,85.0,0.9911,3.19,0.42,11.8,white,6.0
1173,9.6,0.7,0.24,2.2,0.087,5.0,28.0,0.9988,3.14,0.6,10.2,red,5.0
5078,11.4,0.4,0.69,2.1,0.09,6.0,21.0,1.0,3.17,0.62,9.2,red,6.0
425,6.9,0.3,0.16,1.4,0.051,15.0,96.0,0.994,3.22,0.38,9.5,white,4.0
3670,6.8,0.3,0.34,13.9,0.034,39.0,134.0,0.9949,3.33,0.53,12.0,white,6.0
3355,6.9,0.7,0.03,2.3,0.054,7.0,16.0,0.9951,3.45,0.63,11.5,red,6.0
662,7.4,0.4,0.34,1.8,0.075,18.0,38.0,0.9933,3.38,0.88,13.6,red,7.0
2425,6.6,0.6,0.01,2.7,0.034,56.0,122.0,0.9906,3.15,0.3,11.9,white,5.0
686,5.8,0.3,0.38,4.9,0.039,22.0,86.0,0.9896,3.23,0.58,13.1,white,7.0
2836,6.7,0.2,0.41,15.6,0.056,75.0,155.0,0.9995,3.2,0.44,8.8,white,6.0
292,9.9,0.4,0.55,2.1,0.062,5.0,14.0,0.9971,3.26,0.79,10.6,red,5.0
1501,8.2,0.2,0.34,5.1,0.062,8.0,22.0,0.9974,3.22,0.94,10.9,red,6.0
2282,7.9,0.5,0.34,2.5,0.076,8.0,17.0,0.9924,3.2,0.72,13.1,red,8.0
2935,6.5,0.2,0.33,8.0,0.051,16.0,131.0,0.9965,3.28,0.44,8.7,white,7.0
3934,7.3,0.1,0.32,14.4,0.051,34.0,109.0,0.9974,3.2,0.35,9.2,white,6.0
3297,6.9,0.2,0.28,5.0,0.058,14.0,146.0,0.9952,3.29,0.36,9.1,white,6.0
337,6.7,0.2,0.42,10.4,0.038,85.0,182.0,0.9963,3.04,0.44,8.9,white,6.0
4643,8.2,0.3,0.32,2.8,0.067,4.0,12.0,0.9947,3.3,0.76,12.8,red,7.0
3957,8.3,0.2,0.35,0.9,0.05,12.0,74.0,0.992,3.13,0.38,10.5,white,6.0
6133,7.8,0.3,0.29,3.15,0.044,41.0,117.0,0.9915,3.24,0.35,11.5,white,6.0
5225,7.1,0.2,0.36,10.7,0.044,20.0,90.0,0.9959,3.16,0.44,10.9,white,7.0
5913,6.3,0.3,0.42,7.1,0.045,62.0,209.0,0.9954,3.2,0.53,9.5,white,6.0
4929,5.6,0.3,0.26,1.1,0.035,40.0,102.0,0.9915,3.47,0.56,10.6,white,6.0
3364,7.4,0.2,0.3,13.7,0.056,33.0,168.0,0.9982,2.9,0.44,8.7,white,7.0
1004,6.8,0.3,0.56,11.9,0.043,66.0,230.0,0.9972,3.02,0.63,9.3,white,5.0
2201,8.0,0.4,0.36,5.0,0.037,34.0,101.0,0.992,3.13,0.57,12.3,white,6.0
5390,7.9,0.2,0.49,3.8,0.042,26.0,105.0,0.993,3.1,0.39,10.5,white,5.0
4444,6.7,0.2,0.26,1.55,0.041,118.5,216.0,0.9949,3.55,0.63,9.4,white,3.0
4232,7.4,0.2,0.42,2.1,0.036,33.0,187.0,0.9938,3.4,0.41,10.6,white,7.0
3204,6.7,0.3,0.44,18.5,0.057,65.0,224.0,0.9996,3.11,0.53,9.1,white,5.0
2899,5.1,0.5,0.18,2.1,0.042,16.0,101.0,0.9924,3.46,0.87,12.9,red,7.0
1640,7.5,0.2,0.34,2.6,0.037,33.0,125.0,0.9923,3.1,0.49,11.1,white,7.0
974,7.6,0.4,0.49,11.3,0.046,87.0,221.0,0.9984,3.01,0.43,9.2,white,5.0
5186,7.3,0.2,0.29,1.6,0.034,29.0,118.0,0.9917,3.3,0.5,11.0,white,8.0
1680,5.1,0.4,0.0,1.8,0.044,18.0,88.0,0.9916,3.68,0.73,13.6,red,7.0
4996,9.4,0.2,0.23,1.6,0.042,14.0,67.0,0.9942,3.07,0.32,9.5,white,5.0
2302,6.6,0.4,0.36,9.2,0.061,42.0,214.0,0.9976,3.31,0.56,9.4,white,5.0
5404,7.1,0.4,0.37,2.7,0.041,35.0,128.0,0.9896,3.07,0.43,13.5,white,7.0
333,6.8,0.2,0.32,7.05,0.019,54.0,188.0,0.9935,3.25,0.37,11.1,white,8.0
4023,6.7,0.3,0.32,14.5,0.038,6.0,79.0,0.9941,3.14,0.34,12.5,white,5.0
2710,6.6,0.4,0.15,4.6,0.044,25.0,78.0,0.9931,3.11,0.38,10.2,white,6.0
731,6.4,0.2,0.74,11.9,0.046,54.0,168.0,0.9978,3.58,0.68,10.1,white,5.0
4424,7.0,0.4,0.02,1.9,0.08,15.0,28.0,0.9949,3.35,0.81,10.6,red,6.0
4900,7.5,0.2,0.32,8.2,0.024,53.0,209.0,0.9956,3.12,0.46,10.8,white,6.0
2195,8.1,0.2,0.43,1.5,0.044,28.0,129.0,0.9938,3.22,0.45,11.0,white,6.0
5774,6.9,0.2,0.39,1.3,0.063,18.0,136.0,0.9928,3.31,0.48,10.4,white,7.0
1431,8.4,0.2,0.31,6.7,0.038,29.0,132.0,0.9945,3.1,0.32,10.6,white,7.0
3571,7.5,0.4,0.33,9.2,0.043,19.0,116.0,0.9944,3.08,0.42,11.4,white,6.0
3940,7.2,0.4,0.46,2.1,0.074,24.0,44.0,0.9953,3.4,0.85,11.0,red,7.0
3071,5.9,0.2,0.3,1.3,0.052,42.0,86.0,0.9907,3.31,0.47,11.55,white,6.0
3502,7.9,0.3,0.41,2.0,0.044,50.0,152.0,0.9934,3.45,0.49,10.7,white,8.0
4107,7.0,0.1,0.32,4.6,0.057,59.0,144.0,0.9956,3.55,0.44,9.4,white,7.0
4223,5.6,0.3,0.27,10.6,0.03,27.0,119.0,0.9947,3.4,0.34,10.7,white,7.0
2327,8.5,0.3,0.35,1.7,0.061,6.0,15.0,0.9952,3.3,0.74,11.8,red,7.0
4181,7.2,0.3,0.4,13.6,0.045,66.0,231.0,0.9977,3.08,0.59,9.6,white,6.0
216,10.6,0.4,0.6,2.2,0.152,7.0,18.0,0.9986,3.04,1.06,9.4,red,5.0
5044,9.6,0.5,0.42,2.4,0.081,25.0,52.0,0.997,3.2,0.71,11.4,red,6.0
1898,10.2,0.7,0.39,1.9,0.054,6.0,17.0,0.9976,3.17,0.47,10.0,red,5.0
3887,7.1,0.2,0.28,1.2,0.04,31.0,111.0,0.9917,3.18,0.53,11.1,white,5.0
3740,6.0,0.3,0.24,3.3,0.041,25.0,143.0,0.9914,3.31,0.44,11.3,white,6.0
419,6.4,0.4,0.21,2.2,0.047,26.0,48.0,0.9966,3.47,0.77,9.7,red,6.0
5989,7.2,0.2,0.34,11.9,0.043,37.0,213.0,0.9962,3.09,0.5,9.6,white,6.0
5266,6.8,0.3,0.24,6.6,0.123,35.0,116.0,0.9953,3.07,0.48,9.4,white,5.0
2405,5.8,0.2,0.31,3.5,0.044,35.0,158.0,0.99,3.19,0.37,12.1,white,7.0
89,6.4,0.6,0.15,1.8,0.078,17.0,65.0,0.9929,3.33,0.6,10.5,red,6.0
4832,5.1,0.2,0.28,1.4,0.047,48.0,148.0,0.9917,3.5,0.49,10.4,white,5.0
5611,9.6,0.7,0.24,2.2,0.087,5.0,28.0,0.9988,3.14,0.6,10.2,red,5.0
3391,7.4,0.3,0.48,1.1,0.047,17.0,132.0,0.9914,3.19,0.49,11.6,white,6.0
464,9.1,0.8,0.04,1.6,0.078,4.0,14.0,0.998,3.29,0.54,9.7,red,4.0
1944,6.2,0.3,0.26,4.8,0.037,36.0,148.0,0.9928,3.21,0.41,10.4,white,6.0
6080,6.8,0.3,0.26,16.1,0.049,55.0,196.0,0.9984,3.15,0.5,9.3,white,5.0
1490,6.0,0.4,0.19,2.0,0.075,22.0,47.0,0.9952,3.39,0.78,10.0,red,6.0
2873,6.9,0.2,0.3,4.1,0.054,23.0,116.0,0.994,2.99,0.38,9.4,white,6.0
145,7.9,0.3,0.36,1.9,0.065,5.0,10.0,0.9942,3.27,0.54,11.2,red,7.0
3679,7.7,0.7,0.05,2.7,0.075,15.0,27.0,0.9974,3.26,0.61,9.1,red,5.0
2444,6.4,0.3,0.24,1.6,0.054,25.0,117.0,0.9943,3.36,0.5,9.3,white,5.0
1847,6.4,0.4,0.19,3.2,0.033,28.0,124.0,0.9904,3.22,0.54,12.7,white,7.0
6280,6.3,0.6,0.15,1.8,0.077,26.0,35.0,0.9931,3.32,0.82,11.6,red,6.0
185,6.1,0.4,0.24,2.3,0.034,25.0,133.0,0.9906,3.34,0.59,12.0,white,7.0
3674,10.6,0.4,0.68,4.1,0.114,6.0,24.0,0.997,3.06,0.66,13.4,red,6.0
1268,5.9,0.2,0.29,4.2,0.037,69.0,144.0,0.9921,3.13,0.74,10.8,white,7.0
5742,7.3,0.4,0.24,6.8,0.057,41.0,163.0,0.9949,3.2,0.41,9.9,white,6.0
5034,9.3,0.3,0.41,2.0,0.091,6.0,16.0,0.998,3.28,0.7,9.7,red,5.0
1346,7.9,0.2,0.3,4.8,0.037,37.0,171.0,0.9967,3.47,0.44,9.0,white,4.0
1773,6.6,0.3,0.49,7.7,0.049,53.0,217.0,0.996,3.16,0.4,9.3,white,5.0
5481,7.0,0.2,0.35,1.5,0.052,51.0,128.0,0.9941,3.41,0.59,10.4,white,6.0
5343,6.3,0.3,0.35,11.1,0.039,29.0,198.0,0.9984,3.36,0.5,9.4,white,7.0
2537,7.2,0.4,0.15,2.0,0.029,27.0,87.0,0.9903,3.3,0.59,12.6,white,7.0
3711,7.3,0.7,0.02,2.2,0.072,31.0,92.0,0.9957,3.32,0.68,11.1,red,6.0
1246,7.4,0.7,0.07,1.7,0.086,15.0,48.0,0.995,3.12,0.48,10.0,red,5.0
1867,5.5,0.3,0.45,4.9,0.028,25.0,191.0,0.9922,3.51,0.49,11.5,white,7.0
480,7.4,0.8,0.19,5.2,0.094,19.0,98.0,0.9971,3.16,0.52,9.6,red,6.0
2506,7.2,0.2,0.37,1.6,0.049,23.0,94.0,0.9924,3.16,0.48,10.9,white,7.0
2613,6.8,0.8,0.0,1.8,0.066,34.0,52.0,0.9976,3.62,0.68,9.9,red,5.0
5048,6.3,0.4,0.22,7.3,0.035,23.0,117.0,0.9917,3.2,0.39,11.94,white,7.0
3044,7.9,0.3,0.49,2.2,0.096,21.0,59.0,0.9971,3.31,0.67,10.1,red,6.0
592,7.0,0.3,0.29,1.4,0.037,33.0,128.0,0.9896,3.12,0.36,12.2,white,7.0
3659,6.6,0.2,0.41,7.4,0.043,29.0,151.0,0.9946,3.15,0.6,10.2,white,7.0
3214,7.5,0.4,0.57,2.3,0.106,5.0,12.0,0.996,3.36,0.55,11.4,red,6.0
1960,6.6,0.5,0.49,7.4,0.052,19.0,184.0,0.9956,3.11,0.38,9.0,white,5.0
283,7.2,0.5,0.07,5.5,0.089,10.0,18.0,0.9968,3.37,0.68,11.2,red,7.0
975,7.0,0.2,0.32,1.3,0.037,39.0,123.0,0.992,3.17,0.42,11.2,white,8.0
1422,6.5,0.2,0.5,7.6,0.047,54.0,184.0,0.9957,3.17,0.45,9.2,white,5.0
4642,6.9,0.3,0.26,8.3,0.053,32.0,180.0,0.9965,3.25,0.51,9.2,white,6.0
1716,7.0,0.6,0.1,8.3,0.094,23.0,188.0,0.9972,3.4,0.47,9.2,white,6.0
3249,11.9,0.4,0.51,2.0,0.121,7.0,20.0,0.9996,3.24,0.76,10.4,red,6.0
6272,6.5,0.2,0.33,1.0,0.027,23.0,75.0,0.9908,3.3,0.39,11.4,white,7.0
1928,6.4,0.4,0.2,5.7,0.034,18.0,117.0,0.9944,3.33,0.43,10.1,white,5.0
3149,7.5,0.6,0.14,2.2,0.077,27.0,60.0,0.9963,3.28,0.59,9.8,red,5.0
2739,6.4,0.2,0.39,1.8,0.032,23.0,118.0,0.9912,3.32,0.5,11.8,white,6.0
4687,11.9,0.4,0.69,2.8,0.095,17.0,35.0,0.9994,3.1,0.61,10.8,red,6.0
3907,7.3,0.4,0.24,2.0,0.067,28.0,48.0,0.9958,3.43,0.54,10.0,red,4.0
2291,6.5,0.2,0.27,1.6,0.039,36.0,116.0,0.9918,3.38,0.57,11.0,white,7.0
1214,6.8,0.8,0.05,2.0,0.07,6.0,14.0,0.9956,3.51,0.66,10.8,red,6.0
3774,6.6,0.3,0.41,1.3,0.052,16.0,142.0,0.9951,3.42,0.47,10.0,white,6.0
4406,6.5,0.3,0.38,7.8,0.031,54.0,216.0,0.9915,3.03,0.42,13.1,white,6.0
4940,7.1,0.2,0.39,14.5,0.051,48.0,156.0,0.9995,3.35,0.78,9.1,white,5.0
6222,8.0,0.2,0.36,1.8,0.05,16.0,84.0,0.9936,3.15,0.45,9.8,white,7.0
2399,6.2,0.7,0.15,5.1,0.076,13.0,27.0,0.9962,3.54,0.6,11.9,red,6.0
1221,8.2,0.3,0.33,9.1,0.036,28.0,118.0,0.9953,2.96,0.4,10.9,white,7.0
3452,7.5,0.1,0.38,1.1,0.023,42.0,104.0,0.9911,3.28,0.53,11.8,white,6.0
2227,10.4,0.3,0.58,3.7,0.174,6.0,16.0,0.997,3.19,0.7,11.3,red,6.0
2807,7.8,0.5,0.25,1.9,0.081,14.0,38.0,0.9984,3.43,0.65,9.0,red,6.0
3994,6.6,0.3,0.31,5.3,0.137,35.0,163.0,0.9951,3.2,0.38,9.3,white,5.0
4302,6.6,1.0,0.0,1.8,0.082,5.0,16.0,0.9936,3.5,0.44,11.9,red,6.0
629,7.9,0.3,0.41,15.15,0.04,38.0,216.0,0.9976,2.96,0.6,10.0,white,6.0
540,11.6,0.5,0.44,1.6,0.147,36.0,51.0,0.9984,3.38,0.86,9.9,red,4.0
4792,6.6,0.4,0.24,2.0,0.064,23.0,120.0,0.9946,3.32,0.54,9.4,white,5.0
2324,7.0,0.2,0.33,4.0,0.034,17.0,127.0,0.9934,3.19,0.39,10.6,white,7.0
4211,6.7,0.2,0.39,10.2,0.038,60.0,149.0,0.9972,3.17,0.54,10.0,white,7.0
5007,5.0,0.4,0.24,2.0,0.06,19.0,50.0,0.9917,3.72,0.74,14.0,red,8.0
4913,7.4,0.2,0.42,14.0,0.066,48.0,198.0,0.9979,2.89,0.42,8.9,white,6.0
4695,5.4,0.4,0.19,1.6,0.039,27.0,88.0,0.9926,3.54,0.41,10.0,white,7.0
4170,7.6,0.3,0.35,6.3,0.036,12.0,126.0,0.9924,3.16,0.39,12.0,white,7.0
420,7.1,0.2,0.3,0.9,0.019,4.0,28.0,0.9893,3.2,0.36,12.0,white,6.0
5013,8.0,0.7,0.72,17.55,0.042,62.0,233.0,0.9999,2.92,0.68,9.4,white,4.0
3648,5.7,0.2,0.32,1.6,0.03,33.0,122.0,0.9904,3.33,0.52,11.9,white,6.0
1219,7.6,0.2,0.46,10.2,0.055,58.0,135.0,0.9968,3.14,0.43,9.9,white,6.0
1649,7.3,0.5,0.32,5.2,0.043,18.0,104.0,0.9952,3.24,0.45,10.7,white,4.0
4745,6.4,0.3,0.45,3.5,0.197,76.0,180.0,0.9942,3.02,0.39,9.1,white,6.0
181,9.6,0.2,0.28,1.2,0.038,12.0,53.0,0.9926,2.8,0.46,10.6,white,5.0
3256,7.0,0.2,0.38,2.2,0.047,33.0,96.0,0.9928,3.13,0.39,10.4,white,8.0
5704,6.8,0.6,0.03,2.3,0.075,14.0,31.0,0.9954,3.36,0.58,10.4,red,6.0
3936,8.4,0.2,0.42,1.6,0.047,9.0,101.0,0.994,3.06,0.65,11.1,white,4.0
4575,7.1,0.4,0.4,2.2,0.042,54.0,201.0,0.9918,3.03,0.5,11.4,white,5.0
104,11.6,0.5,0.4,1.4,0.091,6.0,28.0,0.997,3.07,0.65,10.03333333,red,6.0
3409,5.2,0.3,0.2,2.4,0.027,27.0,117.0,0.9889,3.56,0.45,13.0,white,7.0
2156,7.6,0.4,0.6,2.6,0.073,23.0,44.0,0.9966,3.38,0.79,11.1,red,6.0
2483,12.0,0.6,0.5,1.4,0.071,6.0,26.0,0.9979,3.07,0.6,10.4,red,4.0
4568,6.3,0.2,0.21,5.1,0.035,29.0,142.0,0.9942,3.36,0.33,10.1,white,7.0
2278,6.7,0.3,0.22,8.6,0.048,54.0,198.0,0.9955,3.25,0.41,10.2,white,5.0
2869,6.1,0.3,0.27,1.7,0.024,13.0,76.0,0.9893,3.21,0.51,12.6,white,7.0
4692,6.9,0.2,0.3,4.1,0.054,23.0,116.0,0.994,2.99,0.38,9.4,white,6.0
6139,8.6,0.2,0.42,1.5,0.041,35.0,125.0,0.9925,3.11,0.49,11.4,white,7.0
3601,6.5,0.2,0.45,7.8,0.048,52.0,188.0,0.9958,3.2,0.53,9.1,white,5.0
1227,6.3,0.2,0.3,1.8,0.033,16.0,91.0,0.9906,3.28,0.4,11.8,white,6.0
1518,6.4,0.2,0.5,11.6,0.042,45.0,153.0,0.9972,3.15,0.43,8.8,white,5.0
123,5.8,0.3,0.27,12.3,0.045,55.0,170.0,0.9972,3.28,0.42,9.3,white,6.0
65,10.2,0.7,0.39,1.9,0.054,6.0,17.0,0.9976,3.17,0.47,10.0,red,5.0
2991,6.9,0.8,0.21,4.1,0.074,16.0,65.0,0.9984,3.53,0.72,9.25,red,6.0
852,6.5,0.5,0.06,2.0,0.063,29.0,44.0,0.9949,3.38,0.83,10.3,red,6.0
4197,7.2,0.2,0.38,14.3,0.058,55.0,194.0,0.9979,3.09,0.44,9.0,white,6.0
1728,7.0,0.2,0.32,9.0,0.046,56.0,245.0,0.9955,3.25,0.5,10.4,white,6.0
1300,6.9,0.6,0.01,2.4,0.076,14.0,39.0,0.9952,3.34,0.53,10.8,red,6.0
1018,7.1,0.7,0.0,1.8,0.123,6.0,14.0,0.9963,3.45,0.58,9.8,red,5.0
6462,8.0,0.2,0.48,6.8,0.047,13.0,134.0,0.9962,3.23,0.7,10.0,white,5.0
841,7.9,0.4,0.37,5.85,0.033,27.0,93.0,0.992,3.16,0.54,12.6,white,7.0
3831,5.8,0.6,0.11,1.8,0.066,18.0,28.0,0.9948,3.55,0.66,10.9,red,6.0
86,8.1,0.3,0.39,1.9,0.029,18.0,79.0,0.9923,3.23,0.52,11.8,white,6.0
5828,6.7,0.4,0.22,8.8,0.052,24.0,113.0,0.9958,3.22,0.45,9.4,white,5.0
4594,7.3,0.2,0.29,1.6,0.034,29.0,118.0,0.9917,3.3,0.5,11.0,white,8.0
1352,8.2,0.9,0.27,2.1,0.088,7.0,23.0,0.9962,3.26,0.47,10.0,red,4.0
1670,7.0,0.2,0.3,6.1,0.037,31.0,120.0,0.9939,3.24,0.51,10.8,white,5.0
5409,6.0,0.3,0.27,2.3,0.042,19.0,120.0,0.9895,3.32,0.41,12.7,white,7.0
1406,7.1,0.2,0.35,16.5,0.04,60.0,171.0,0.999,3.16,0.59,9.1,white,6.0
1776,6.8,0.3,0.24,6.6,0.123,35.0,116.0,0.9953,3.07,0.48,9.4,white,5.0
196,6.7,0.2,0.33,2.9,0.057,52.0,173.0,0.9934,3.02,0.48,9.5,white,6.0
2875,6.9,0.3,0.4,19.45,0.043,36.0,156.0,0.9996,2.93,0.47,8.9,white,5.0
1047,5.6,0.4,0.24,4.7,0.034,27.0,77.0,0.9906,3.28,0.36,12.7,white,5.0
285,7.1,0.2,0.32,10.3,0.041,66.0,272.0,0.9969,3.17,0.52,9.1,white,6.0
115,7.1,0.3,0.15,1.2,0.053,61.0,183.0,0.9936,3.09,0.43,9.2,white,5.0
1958,6.6,0.4,0.09,2.2,0.063,9.0,18.0,0.9944,3.42,0.69,11.3,red,6.0
5882,10.7,0.4,0.53,2.6,0.07,5.0,16.0,0.9972,3.15,0.65,11.0,red,8.0
6323,6.6,0.2,0.32,0.9,0.041,25.0,79.0,0.9926,3.39,0.54,10.2,white,7.0
5268,10.5,0.3,0.51,1.7,0.08,10.0,24.0,0.9982,3.2,0.89,9.4,red,6.0
4601,7.4,0.2,0.33,1.2,0.042,47.0,121.0,0.992,3.04,0.68,10.5,white,7.0
4993,8.2,0.4,0.36,1.0,0.034,17.0,93.0,0.9906,3.04,0.32,11.7,white,8.0
3706,5.7,0.3,0.24,17.5,0.044,60.0,167.0,0.9989,3.31,0.44,9.4,white,5.0
4212,6.8,0.7,0.3,13.0,0.29,22.0,193.0,0.9984,3.08,0.67,9.0,white,6.0
397,6.9,0.4,0.39,2.4,0.048,25.0,157.0,0.9913,3.2,0.54,11.1,white,7.0
6027,6.8,0.3,0.6,1.1,0.132,42.0,127.0,0.9934,3.09,0.44,9.1,white,6.0
507,6.9,0.2,0.36,1.3,0.036,40.0,117.0,0.9934,3.27,0.95,9.5,white,7.0
5479,7.5,0.2,0.29,4.8,0.05,33.0,87.0,0.994,3.14,0.42,9.9,white,5.0
4509,6.5,0.2,0.3,0.8,0.043,33.0,144.0,0.9936,3.42,0.39,9.1,white,6.0
2315,8.1,0.3,0.4,6.9,0.05,30.0,97.0,0.9951,3.26,0.44,10.1,white,6.0
2029,6.6,0.4,0.18,1.2,0.042,20.0,84.0,0.9927,3.22,0.45,10.1,white,4.0
3097,8.2,0.2,0.4,1.2,0.027,36.0,121.0,0.992,3.12,0.38,10.7,white,6.0
2231,6.4,0.3,0.42,9.7,0.044,30.0,140.0,0.9962,3.18,0.47,9.1,white,6.0
4864,6.1,0.2,0.23,3.1,0.052,15.0,104.0,0.9948,3.14,0.42,8.7,white,5.0
2281,9.2,0.4,0.52,2.3,0.083,14.0,23.0,0.9976,3.35,0.61,11.3,red,6.0
2609,6.9,0.2,0.36,1.3,0.036,40.0,117.0,0.9934,3.27,0.95,9.5,white,7.0
4987,7.7,0.2,0.29,15.3,0.044,39.0,194.0,0.9982,3.06,0.47,9.6,white,7.0
1137,6.3,0.5,0.13,2.3,0.076,29.0,40.0,0.9957,3.42,0.75,11.0,red,6.0
4083,6.9,0.4,0.56,11.2,0.043,40.0,142.0,0.9975,3.14,0.46,8.7,white,5.0
3111,7.0,0.3,0.26,7.4,0.069,28.0,160.0,0.9954,3.13,0.46,9.8,white,6.0
964,9.4,0.3,0.56,2.8,0.08,6.0,17.0,0.9964,3.15,0.92,11.7,red,8.0
2158,6.0,0.5,0.33,7.7,0.046,24.0,119.0,0.9922,3.04,0.38,11.0,white,6.0
911,7.7,0.2,0.37,1.8,0.046,23.0,60.0,0.9971,3.41,0.71,12.1,red,6.0
5115,8.6,0.2,0.42,1.5,0.041,35.0,125.0,0.9925,3.11,0.49,11.4,white,7.0
5772,6.9,0.3,0.26,2.3,0.03,11.0,103.0,0.9911,3.06,0.42,11.1,white,6.0
5873,6.3,0.5,0.13,2.3,0.076,29.0,40.0,0.9957,3.42,0.75,11.0,red,6.0
523,6.0,0.3,0.66,15.9,0.046,26.0,164.0,0.9979,3.14,0.5,8.8,white,6.0
5006,7.2,0.2,0.38,14.3,0.058,55.0,194.0,0.9979,3.09,0.44,9.0,white,6.0
5235,7.4,0.1,0.39,4.7,0.042,36.0,137.0,0.995,3.36,0.56,10.3,white,7.0
5796,6.7,0.3,0.26,1.9,0.038,58.0,138.0,0.9893,3.0,0.47,12.2,white,7.0
2192,5.2,0.6,0.07,7.0,0.044,33.0,147.0,0.9944,3.33,0.58,9.7,white,5.0
5914,6.3,0.7,0.01,3.7,0.103,32.0,54.0,0.9959,3.51,0.66,11.3,red,6.0
472,6.3,0.3,0.42,7.1,0.045,62.0,209.0,0.9954,3.2,0.53,9.5,white,6.0
1888,9.8,0.2,0.74,10.0,0.056,36.0,225.0,0.9977,3.06,0.43,10.0,white,4.0
4889,6.5,0.3,0.32,2.0,0.044,34.0,90.0,0.9918,3.37,0.68,11.0,white,7.0
6296,6.2,0.5,0.08,4.4,0.071,11.0,32.0,0.9965,3.56,0.63,11.6,red,6.0
1051,7.2,0.2,0.38,14.3,0.058,55.0,194.0,0.9979,3.09,0.44,9.0,white,6.0
3222,6.7,0.4,0.22,8.8,0.052,24.0,113.0,0.9958,3.22,0.45,9.4,white,5.0
4294,6.4,0.4,0.09,2.3,0.054,34.0,64.0,0.9972,3.41,0.68,10.4,red,6.0
786,7.1,0.4,0.32,1.4,0.037,27.0,126.0,0.9918,3.19,0.62,12.0,white,5.0
1531,6.3,0.5,0.22,1.8,0.046,31.0,140.0,0.9929,3.39,0.54,10.4,white,6.0
559,9.8,0.4,0.38,2.5,0.081,34.0,66.0,0.9973,3.15,0.58,9.8,red,5.0
4917,6.0,0.2,0.26,12.4,0.048,50.0,147.0,0.9972,3.3,0.36,8.9,white,6.0
2543,6.1,0.3,0.31,12.0,0.053,46.0,238.0,0.9977,3.16,0.48,8.6,white,5.0
5561,10.1,0.9,0.22,3.4,0.105,11.0,86.0,1.001,3.43,0.64,11.3,red,4.0
632,7.6,0.3,0.29,2.5,0.059,37.0,115.0,0.9933,3.09,0.37,9.8,white,5.0
6434,11.5,0.3,0.54,2.1,0.084,5.0,15.0,0.9987,2.98,0.7,9.2,red,6.0
2856,6.7,0.3,0.25,8.0,0.053,54.0,202.0,0.9961,3.22,0.43,9.3,white,5.0
822,6.7,0.9,0.02,1.9,0.064,29.0,38.0,0.9947,3.3,0.56,10.75,red,6.0
3564,6.4,0.2,0.32,5.5,0.049,41.0,176.0,0.995,3.19,0.68,9.2,white,6.0
2120,7.2,0.6,0.01,2.3,0.065,8.0,46.0,0.9933,3.32,0.51,11.8,red,6.0
2045,7.6,0.3,0.42,2.0,0.052,6.0,24.0,0.9963,3.44,0.82,11.9,red,6.0
4048,7.1,0.4,0.62,11.8,0.044,52.0,152.0,0.9975,3.12,0.46,8.7,white,6.0
3972,7.2,0.3,0.44,7.1,0.027,25.0,126.0,0.993,3.02,0.34,11.1,white,8.0
1863,6.1,0.6,0.0,1.3,0.042,24.0,79.0,0.9937,3.31,0.38,9.4,white,4.0
137,5.5,0.3,0.3,2.5,0.071,27.0,128.0,0.9924,3.14,0.51,9.6,white,6.0
2433,7.1,0.1,0.33,4.6,0.05,33.0,131.0,0.9942,3.28,0.4,9.6,white,6.0
4300,9.4,0.3,0.55,2.2,0.05,17.0,119.0,0.9962,3.12,0.69,10.3,white,4.0
4291,6.2,0.2,0.21,15.55,0.039,28.0,159.0,0.9982,3.48,0.64,9.6,white,6.0
3902,10.6,0.4,0.59,2.2,0.152,6.0,18.0,0.9986,3.04,1.05,9.4,red,5.0
3025,7.1,0.4,0.62,11.8,0.044,52.0,152.0,0.9975,3.12,0.46,8.7,white,6.0
1053,9.9,0.5,0.24,2.3,0.103,6.0,14.0,0.9978,3.34,0.52,10.0,red,4.0
5723,6.8,0.7,0.15,1.8,0.118,13.0,20.0,0.9954,3.42,0.67,11.3,red,6.0
1880,9.2,0.6,0.21,2.7,0.097,29.0,65.0,0.9988,3.28,0.58,9.6,red,5.0
4253,8.7,0.2,0.32,13.4,0.044,35.0,169.0,0.9998,3.12,0.47,8.8,white,7.0
3737,6.6,0.2,0.37,1.2,0.059,45.0,199.0,0.993,3.37,0.55,10.3,white,7.0
1329,7.2,0.2,0.24,1.4,0.041,17.0,159.0,0.992,3.25,0.53,11.2,white,6.0
2725,6.9,0.3,0.26,8.3,0.053,32.0,180.0,0.9965,3.25,0.51,9.2,white,6.0
3883,6.8,0.2,0.59,0.9,0.147,38.0,132.0,0.993,3.05,0.38,9.1,white,6.0
241,7.1,0.2,0.39,14.5,0.051,48.0,156.0,0.9995,3.35,0.78,9.1,white,5.0
4527,10.2,0.5,0.37,15.4,0.214,55.0,95.0,1.0037,3.18,0.77,9.0,red,6.0
3271,7.5,0.2,0.44,11.3,0.046,65.0,146.0,0.997,3.17,0.45,10.0,white,6.0
3464,8.3,0.8,0.01,2.2,0.07,5.0,14.0,0.9967,3.32,0.58,11.0,red,4.0
5957,7.1,0.2,0.34,16.0,0.05,51.0,166.0,0.9985,3.21,0.6,9.2,white,6.0
4970,6.5,0.3,0.33,15.7,0.053,51.0,190.0,0.9978,3.22,0.51,9.7,white,6.0
6463,6.9,0.2,0.24,1.8,0.053,6.0,121.0,0.993,3.23,0.7,11.4,white,5.0
2421,6.8,0.3,0.36,8.0,0.045,28.0,123.0,0.9928,3.02,0.37,11.4,white,6.0
950,7.4,0.2,0.3,13.7,0.056,33.0,168.0,0.9982,2.9,0.44,8.7,white,7.0
5770,9.2,0.4,0.39,0.9,0.042,15.0,61.0,0.9924,2.96,0.28,10.4,white,4.0
5802,6.6,0.9,0.02,2.4,0.062,15.0,23.0,0.9963,3.54,0.6,11.0,red,6.0
4738,7.4,0.2,0.37,1.2,0.028,28.0,89.0,0.9913,3.14,0.61,11.8,white,6.0
2364,6.6,0.2,0.27,1.4,0.057,33.0,152.0,0.9934,3.22,0.56,9.5,white,6.0
5874,8.2,0.4,0.29,7.6,0.035,37.0,122.0,0.9939,3.16,0.34,12.0,white,5.0
2144,7.3,0.3,0.42,14.4,0.04,49.0,173.0,0.9994,3.28,0.82,9.0,white,7.0
1207,7.0,0.4,0.35,2.5,0.048,67.0,161.0,0.9915,3.05,0.56,11.1,white,6.0
4088,6.0,0.5,0.0,2.3,0.068,15.0,33.0,0.9929,3.58,0.59,12.5,red,6.0
3188,7.7,0.3,0.33,6.7,0.037,32.0,155.0,0.9951,3.39,0.62,10.7,white,7.0
3421,7.6,0.5,0.49,13.0,0.239,42.0,220.0,0.9988,2.96,0.51,9.2,white,5.0
2097,6.2,0.5,0.14,1.9,0.056,15.0,34.0,0.994,3.48,0.57,11.5,red,6.0
4652,6.5,0.3,0.35,15.4,0.042,55.0,195.0,0.9978,3.23,0.5,9.6,white,6.0
620,5.2,0.5,0.26,2.3,0.09,23.0,74.0,0.9953,3.71,0.62,12.2,red,6.0
3848,9.3,0.8,0.27,2.8,0.078,24.0,56.0,0.9984,3.31,0.67,10.6,red,6.0
2646,7.7,0.3,0.39,8.9,0.036,8.0,117.0,0.9935,3.06,0.38,12.0,white,7.0
4514,6.6,0.3,0.41,7.0,0.046,59.0,194.0,0.9956,3.14,0.48,9.4,white,5.0
2884,7.5,0.3,0.35,6.0,0.034,12.0,126.0,0.9924,3.16,0.39,12.0,white,7.0
732,6.6,0.3,0.41,7.0,0.046,59.0,194.0,0.9956,3.14,0.48,9.4,white,5.0
4393,11.9,0.4,0.69,2.8,0.095,17.0,35.0,0.9994,3.1,0.61,10.8,red,6.0
5908,5.1,0.1,0.25,0.7,0.039,15.0,89.0,0.9919,3.22,0.43,9.2,white,6.0
2765,8.0,0.3,0.36,2.0,0.054,30.0,121.0,0.992,3.09,0.72,11.6,white,6.0
5745,9.5,0.7,0.1,2.1,0.079,6.0,31.0,0.9986,3.23,0.56,10.1,red,6.0
5535,7.8,0.2,0.46,13.6,0.052,38.0,118.0,0.998,3.15,0.5,10.0,white,6.0
132,6.4,0.4,0.28,1.1,0.055,9.0,160.0,0.994,3.42,0.5,9.1,white,7.0
5418,6.7,0.3,0.42,6.4,0.058,27.0,151.0,0.9954,3.16,0.44,9.6,white,5.0
4058,7.4,0.8,0.19,5.2,0.094,19.0,98.0,0.9971,3.16,0.52,9.566666667,red,6.0
6260,7.5,0.3,0.41,2.4,0.065,34.0,60.0,0.9949,3.34,0.85,11.4,red,6.0
118,10.4,0.2,0.49,1.8,0.075,6.0,20.0,0.9977,3.18,1.06,11.0,red,6.0
2696,6.4,0.2,0.35,1.0,0.045,39.0,108.0,0.9911,3.31,0.35,10.9,white,6.0
650,8.3,0.1,0.34,1.1,0.042,7.0,47.0,0.9934,3.47,0.4,10.2,white,6.0
3352,7.3,0.2,0.4,14.75,0.042,44.5,129.5,0.9998,3.36,0.41,9.1,white,7.0
1282,6.6,0.3,0.42,8.2,0.044,60.0,196.0,0.9956,3.14,0.48,9.4,white,5.0
111,7.6,0.2,0.6,2.1,0.046,47.0,165.0,0.9936,3.05,0.54,10.1,white,7.0
108,6.0,0.5,0.0,2.1,0.064,40.0,54.0,0.995,3.54,0.93,10.7,red,6.0
2853,5.8,0.2,0.31,4.5,0.046,42.0,124.0,0.9932,3.31,0.64,10.8,white,6.0
4052,6.7,0.2,0.29,5.0,0.058,28.0,105.0,0.9946,3.52,0.44,10.2,white,7.0
4248,6.4,0.3,0.44,3.6,0.197,75.0,183.0,0.9942,3.01,0.38,9.1,white,5.0
5662,6.7,0.3,0.25,8.0,0.053,54.0,202.0,0.9961,3.22,0.43,9.3,white,5.0
5331,6.2,0.4,0.35,2.0,0.046,31.0,95.0,0.9882,3.06,0.46,13.6,white,6.0
3038,5.8,0.5,0.0,1.4,0.033,40.0,107.0,0.9892,3.26,0.35,12.4,white,5.0
4946,6.8,0.4,0.32,2.4,0.048,35.0,103.0,0.9911,3.28,0.46,12.0,white,8.0
4103,7.2,0.4,0.63,11.0,0.044,55.0,156.0,0.9974,3.09,0.44,8.7,white,6.0
6201,4.8,0.1,0.32,1.2,0.042,40.0,98.0,0.9898,3.42,0.64,11.8,white,7.0
3382,7.2,0.2,0.39,2.3,0.033,29.0,102.0,0.9908,3.26,0.54,12.3,white,7.0
6049,6.7,0.2,0.64,2.1,0.059,24.0,52.0,0.9949,3.34,0.71,11.2,red,6.0
4867,6.5,0.1,0.33,1.9,0.028,23.0,93.0,0.991,3.34,0.7,12.0,white,7.0
155,7.3,0.2,0.37,1.9,0.041,51.0,165.0,0.9908,3.26,0.4,12.2,white,8.0
1715,8.2,0.7,0.3,2.1,0.047,17.0,138.0,0.995,3.22,0.71,10.8,white,4.0
432,9.0,0.4,0.34,2.5,0.08,26.0,86.0,0.9987,3.38,0.62,9.5,red,6.0
5263,8.0,0.4,0.36,8.8,0.026,50.0,151.0,0.9927,3.07,0.25,12.7,white,8.0
5617,7.3,0.2,0.3,8.2,0.047,42.0,207.0,0.9966,3.33,0.46,9.5,white,6.0
6362,7.2,0.1,0.46,1.3,0.044,48.0,111.0,0.9913,2.97,0.45,11.1,white,5.0
3349,6.7,0.3,0.42,6.4,0.057,25.0,148.0,0.9955,3.16,0.45,9.6,white,5.0
1954,9.2,0.1,0.37,1.1,0.034,36.0,84.0,0.9914,3.05,0.55,11.6,white,6.0
1775,7.5,0.4,0.48,2.6,0.073,22.0,84.0,0.9972,3.32,0.7,9.6,red,4.0
3525,8.3,0.3,0.4,7.8,0.041,38.0,194.0,0.9976,3.34,0.51,9.6,white,6.0
4731,8.0,0.7,0.3,2.0,0.06,38.0,62.0,0.9958,3.26,0.56,10.2,red,6.0
2761,6.9,0.1,0.36,2.2,0.037,18.0,111.0,0.9919,3.41,0.82,11.9,white,8.0
4278,6.1,0.4,0.0,1.6,0.063,36.0,87.0,0.9914,3.27,0.67,10.8,white,6.0
5060,6.4,0.3,0.28,4.0,0.04,24.0,81.0,0.9903,3.26,0.64,12.6,white,7.0
477,6.4,0.4,0.53,2.2,0.23,19.0,35.0,0.9934,3.37,0.93,12.4,red,6.0
2923,6.9,0.4,0.22,4.2,0.031,10.0,102.0,0.993,3.0,0.86,11.6,white,4.0
4193,7.7,1.0,0.2,2.0,0.047,15.0,60.0,0.9955,3.36,0.44,10.9,red,5.0
4174,5.4,0.7,0.09,1.7,0.089,16.0,26.0,0.994,3.67,0.56,11.6,red,6.0
729,7.1,0.3,0.27,10.4,0.041,26.0,114.0,0.9934,3.04,0.52,11.5,white,7.0
5340,6.3,0.3,0.34,1.6,0.049,14.0,132.0,0.994,3.3,0.49,9.5,white,6.0
3405,6.6,0.2,0.39,1.45,0.04,40.0,89.0,0.9911,3.35,0.4,11.4,white,6.0
5321,5.8,0.3,0.38,4.9,0.039,22.0,86.0,0.9896,3.23,0.58,13.1,white,7.0
3821,5.3,0.6,0.07,6.9,0.043,34.0,149.0,0.9944,3.34,0.57,9.7,white,5.0
2982,7.4,0.2,0.35,2.1,0.038,30.0,116.0,0.9949,3.49,0.77,10.3,white,7.0
51,8.1,0.3,0.35,1.7,0.03,38.0,103.0,0.9926,3.22,0.63,10.4,white,8.0
717,6.8,0.3,0.29,16.95,0.056,48.0,179.0,0.9998,3.45,0.4,9.6,white,5.0
1141,7.0,0.2,0.4,1.6,0.063,21.0,67.0,0.9952,3.5,0.63,11.1,red,5.0
5437,6.6,0.3,0.49,7.7,0.05,52.0,220.0,0.9964,3.12,0.45,8.8,white,5.0
1613,6.5,0.5,0.17,1.4,0.047,5.0,26.0,0.9932,3.26,0.32,10.0,white,4.0
2126,7.2,0.2,0.32,8.5,0.058,47.0,186.0,0.9956,3.19,0.4,9.9,white,6.0
4095,9.1,0.4,0.35,2.4,0.08,23.0,78.0,0.9987,3.38,0.62,9.5,red,5.0
81,6.5,0.3,0.32,2.0,0.044,34.0,90.0,0.9918,3.37,0.68,11.0,white,7.0
3692,6.0,0.3,0.21,1.3,0.055,42.0,168.0,0.9914,3.32,0.43,11.1,white,6.0
2057,5.8,0.4,0.42,4.4,0.047,38.5,245.0,0.9937,3.25,0.57,9.6,white,6.0
415,7.5,0.3,0.36,15.7,0.05,29.0,124.0,0.9968,3.06,0.54,10.4,white,5.0
5032,7.3,0.2,0.42,14.2,0.041,57.0,182.0,0.9996,3.29,0.75,9.1,white,7.0
1040,11.7,0.4,0.63,2.2,0.073,7.0,23.0,0.9997,3.21,0.69,10.9,red,6.0
6024,6.9,0.8,0.21,4.1,0.074,16.0,65.0,0.9984,3.53,0.72,9.233333333,red,6.0
6479,5.3,0.2,0.33,1.3,0.033,25.0,97.0,0.9906,3.59,0.38,11.0,white,8.0
6102,6.8,0.3,0.36,7.0,0.043,60.0,207.0,0.9956,3.16,0.49,9.6,white,6.0
969,6.9,0.3,0.4,8.2,0.036,15.0,95.0,0.9944,3.17,0.33,10.2,white,5.0
4236,5.8,0.2,0.33,4.2,0.038,49.0,133.0,0.9911,3.16,0.42,11.3,white,7.0
1135,5.8,0.3,0.24,9.2,0.044,55.0,152.0,0.9961,3.31,0.38,9.4,white,5.0
982,9.0,0.4,0.53,2.1,0.102,19.0,76.0,0.99,2.93,0.57,12.9,white,5.0
1334,6.9,0.1,0.35,5.4,0.048,36.0,108.0,0.9939,3.32,0.42,10.2,white,6.0
6458,6.9,0.3,0.26,2.3,0.03,11.0,103.0,0.9911,3.06,0.42,11.1,white,6.0
4885,6.6,0.2,0.24,8.6,0.034,25.0,135.0,0.9958,3.33,0.59,10.3,white,6.0
4828,7.1,0.2,0.32,2.2,0.037,28.0,141.0,0.993,3.2,0.57,10.0,white,7.0
2823,6.7,0.3,0.44,18.75,0.057,65.0,224.0,0.9996,3.11,0.53,9.1,white,5.0
4068,7.0,0.5,0.0,2.1,0.079,39.0,55.0,0.9956,3.39,0.84,11.4,red,6.0
6203,5.0,0.2,0.4,1.9,0.015,20.0,98.0,0.9897,3.37,0.55,12.05,white,6.0
5188,6.9,0.2,0.35,1.3,0.039,29.0,191.0,0.9908,3.13,0.52,11.0,white,6.0
1496,7.1,0.2,0.34,5.3,0.034,33.0,104.0,0.9953,3.37,0.52,9.3,white,6.0
484,8.0,0.2,0.36,1.5,0.047,17.0,129.0,0.9948,3.2,0.54,10.0,white,6.0
1404,8.6,0.6,0.68,1.8,0.403,19.0,56.0,0.9963,3.02,1.15,9.3,red,5.0
874,8.3,0.3,0.42,1.15,0.033,18.0,96.0,0.9911,3.2,0.32,12.4,white,3.0
4853,12.5,0.4,0.6,2.6,0.081,31.0,72.0,0.9996,3.1,0.73,10.5,red,5.0
5212,6.8,0.3,0.56,11.9,0.043,64.0,226.0,0.997,3.02,0.63,9.3,white,5.0
782,6.4,0.7,0.08,2.1,0.045,19.0,48.0,0.9949,3.49,0.49,11.4,red,6.0
5347,6.3,0.3,0.29,3.3,0.037,32.0,140.0,0.9895,3.17,0.36,12.8,white,7.0
5334,5.3,0.6,0.34,1.4,0.031,3.0,60.0,0.9885,3.27,0.38,13.0,white,6.0
5716,11.1,0.4,0.73,3.2,0.066,6.0,22.0,0.9986,3.17,0.66,11.2,red,6.0
2755,7.8,0.6,0.35,2.2,0.074,21.0,66.0,0.9974,3.25,0.56,9.2,red,5.0
4984,7.9,0.2,0.4,1.2,0.039,38.0,107.0,0.992,3.21,0.54,10.8,white,6.0
4220,7.5,0.3,0.34,4.2,0.028,36.0,116.0,0.991,2.99,0.41,12.3,white,8.0
4246,6.5,0.3,0.32,6.65,0.059,34.0,104.0,0.9925,3.18,0.42,11.1,white,5.0
66,6.2,0.2,0.26,9.7,0.03,39.0,102.0,0.9908,3.08,0.56,12.9,white,7.0
828,7.6,1.6,0.0,2.1,0.137,5.0,9.0,0.9948,3.5,0.4,10.9,red,3.0
1679,7.5,0.6,0.2,2.0,0.073,34.0,44.0,0.9949,3.1,0.43,9.3,red,5.0
3538,6.6,0.9,0.02,2.4,0.062,15.0,23.0,0.9963,3.54,0.6,11.0,red,6.0
1877,5.4,0.6,0.07,7.0,0.045,36.0,147.0,0.9944,3.34,0.57,9.7,white,6.0
6147,6.6,0.2,0.58,1.1,0.133,52.0,136.0,0.9932,3.1,0.3,9.1,white,5.0
2947,6.9,0.1,0.28,13.3,0.05,47.0,132.0,0.9966,3.34,0.42,10.1,white,6.0
5122,8.3,0.6,0.22,2.6,0.087,6.0,19.0,0.9982,3.26,0.61,9.3,red,5.0
3658,8.8,0.5,0.45,2.6,0.065,7.0,18.0,0.9947,3.32,0.79,14.0,red,6.0
2301,5.9,0.4,0.0,1.6,0.042,3.0,11.0,0.9944,3.48,0.85,11.7,red,6.0
1192,6.0,0.5,0.0,2.1,0.064,40.0,54.0,0.995,3.54,0.93,10.7,red,6.0
3640,7.4,0.2,0.42,14.0,0.066,48.0,198.0,0.9979,2.89,0.42,8.9,white,6.0
1692,5.2,0.2,0.27,3.2,0.047,16.0,93.0,0.9924,3.44,0.53,10.1,white,7.0
2900,5.7,0.4,0.21,1.9,0.048,30.0,112.0,0.9914,3.29,0.55,11.2,white,6.0
5564,8.6,0.6,0.35,15.55,0.057,35.5,366.5,1.0001,3.04,0.63,11.0,white,3.0
5352,6.6,0.4,0.36,9.2,0.061,42.0,214.0,0.9976,3.31,0.56,9.4,white,5.0
3017,6.4,0.5,0.4,2.4,0.071,8.0,19.0,0.9963,3.56,0.73,10.6,red,6.0
5165,7.6,0.4,0.49,11.3,0.046,87.0,221.0,0.9984,3.01,0.43,9.2,white,5.0
4649,11.0,0.3,0.68,2.55,0.085,10.0,25.0,0.997,3.18,0.61,11.8,red,5.0
2820,6.5,0.9,0.0,1.6,0.052,9.0,17.0,0.9947,3.5,0.63,10.9,red,6.0
5917,6.8,0.6,0.03,1.7,0.084,18.0,35.0,0.9968,3.44,0.63,10.0,red,6.0
3140,7.5,0.3,0.24,4.6,0.053,8.0,134.0,0.9958,3.14,0.5,9.1,white,3.0
2383,7.2,0.4,0.15,2.0,0.078,10.0,28.0,0.9961,3.29,0.51,9.9,red,6.0
6010,7.0,0.2,0.18,1.3,0.046,9.0,62.0,0.994,3.38,0.47,10.1,white,4.0
743,6.2,0.3,0.43,7.8,0.056,48.0,244.0,0.9956,3.1,0.51,9.0,white,6.0
1921,5.9,0.5,0.0,1.9,0.077,25.0,44.0,0.9938,3.5,0.53,11.2,red,5.0
1606,6.8,0.2,0.4,1.8,0.047,34.0,105.0,0.99,3.13,0.49,12.8,white,8.0
5569,8.1,0.7,0.7,2.2,0.098,25.0,129.0,0.9972,3.08,0.53,9.0,red,5.0
263,8.0,0.3,0.24,1.2,0.044,20.0,102.0,0.9929,3.28,0.42,10.9,white,5.0
4963,8.6,0.7,0.1,1.6,0.092,3.0,12.0,0.9974,3.31,0.65,9.55,red,6.0
4374,8.3,1.0,0.02,3.4,0.084,6.0,11.0,0.9989,3.48,0.49,11.0,red,3.0
6165,6.5,0.2,0.54,8.5,0.082,64.0,163.0,0.9959,2.89,0.39,8.8,white,6.0
3799,7.1,0.2,0.39,13.7,0.058,26.0,172.0,0.9976,2.9,0.46,9.0,white,6.0
6345,5.9,0.3,0.23,4.2,0.038,42.0,119.0,0.9924,3.15,0.5,11.0,white,5.0
2320,6.9,0.2,0.4,7.5,0.04,50.0,151.0,0.9927,3.11,0.27,11.4,white,6.0
4530,5.7,0.2,0.25,1.1,0.05,97.0,175.0,0.991,3.44,0.62,11.1,white,6.0
6066,6.7,0.1,0.29,5.3,0.051,31.0,122.0,0.9944,3.44,0.37,9.7,white,6.0
867,7.6,0.3,0.49,20.15,0.06,30.0,145.0,1.002,3.01,0.44,8.5,white,5.0
1647,7.0,0.3,0.36,20.7,0.045,45.0,170.0,1.001,3.0,0.45,8.8,white,6.0
226,8.7,0.7,0.31,3.0,0.086,23.0,81.0,1.0002,3.48,0.74,11.6,red,6.0
5098,5.6,0.2,0.25,9.7,0.032,12.0,68.0,0.994,3.31,0.34,10.5,white,5.0
6489,10.5,0.6,0.49,2.1,0.07,14.0,47.0,0.9991,3.3,0.56,9.6,red,4.0
22,8.2,0.2,0.34,5.1,0.062,8.0,22.0,0.9974,3.22,0.94,10.9,red,6.0
2430,6.3,0.2,0.33,1.5,0.036,15.0,105.0,0.991,3.32,0.42,11.2,white,6.0
3152,7.5,0.7,0.07,2.5,0.058,5.0,9.0,0.9963,3.38,0.55,10.9,red,4.0
41,5.9,0.2,0.31,5.8,0.041,53.0,155.0,0.9945,3.52,0.46,10.5,white,6.0
3717,7.3,0.2,0.4,14.75,0.042,44.5,129.5,0.9998,3.36,0.41,9.1,white,7.0
865,6.4,0.2,0.29,1.0,0.038,18.0,122.0,0.9906,3.3,0.42,11.5,white,5.0
4440,6.7,0.2,0.39,2.5,0.172,63.0,158.0,0.9937,3.11,0.36,9.4,white,6.0
2779,6.8,0.3,0.24,7.8,0.052,54.0,214.0,0.9961,3.13,0.47,8.9,white,5.0
749,5.9,0.2,0.21,1.7,0.045,57.0,135.0,0.9934,3.32,0.44,9.5,white,5.0
585,5.7,0.4,0.21,6.7,0.038,51.0,166.0,0.9941,3.29,0.63,10.0,white,6.0
1662,7.0,0.3,0.26,7.4,0.069,28.0,160.0,0.9954,3.13,0.46,9.8,white,6.0
4838,5.6,0.2,0.3,10.2,0.028,28.0,131.0,0.9954,3.49,0.42,10.8,white,7.0
4804,7.4,0.2,0.3,13.7,0.056,33.0,168.0,0.9982,2.9,0.44,8.7,white,7.0
683,8.3,0.3,0.37,1.4,0.076,8.0,23.0,0.9974,3.26,0.7,9.6,red,6.0
452,7.1,0.2,0.3,0.9,0.019,4.0,28.0,0.9893,3.2,0.36,12.0,white,6.0
2784,7.2,0.7,0.21,9.5,0.07,33.0,172.0,0.9971,3.0,0.55,9.1,white,6.0
6002,6.6,0.2,0.28,1.8,0.042,62.0,178.0,0.992,3.15,0.42,10.2,white,5.0
1423,7.2,0.7,0.33,2.5,0.068,34.0,102.0,0.9941,3.27,0.78,12.8,red,6.0
644,8.4,0.4,0.53,1.8,0.413,9.0,26.0,0.9979,3.06,1.06,9.1,red,6.0
2591,6.3,0.3,0.27,1.2,0.046,34.0,175.0,0.9934,3.37,0.54,9.4,white,6.0
1814,7.0,0.2,0.32,8.3,0.045,38.0,126.0,0.9958,3.21,0.34,9.2,white,5.0
280,8.8,0.2,0.3,5.0,0.028,34.0,120.0,0.9924,2.94,0.47,11.2,white,5.0
435,5.1,0.3,0.3,2.3,0.048,40.0,150.0,0.9894,3.29,0.46,12.2,white,6.0
5996,5.8,0.4,0.26,1.1,0.058,20.0,140.0,0.9927,3.27,0.43,9.7,white,6.0
2913,7.1,0.7,0.0,2.4,0.052,6.0,11.0,0.9932,3.35,0.66,12.7,red,7.0
3418,7.0,0.2,0.37,1.5,0.028,26.0,75.0,0.9922,3.3,0.46,10.8,white,7.0
1757,8.9,0.3,0.33,8.1,0.024,47.0,202.0,0.9956,3.13,0.46,10.8,white,6.0
2882,6.0,0.4,0.34,7.6,0.045,25.0,118.0,0.9922,3.03,0.37,11.0,white,6.0
6497,6.8,0.6,0.08,1.9,0.068,28.0,38.0,0.9965,3.42,0.82,9.5,red,6.0
5285,7.8,0.2,0.41,3.7,0.042,37.0,149.0,0.9954,3.36,0.45,10.0,white,6.0
1038,6.6,0.2,0.34,5.1,0.055,34.0,125.0,0.9942,3.36,0.42,9.6,white,5.0
1356,7.2,0.5,0.13,2.0,0.058,18.0,22.0,0.9957,3.21,0.68,9.9,red,6.0
3638,5.6,0.2,0.32,1.2,0.024,29.0,97.0,0.9882,3.2,0.46,13.05,white,7.0
640,7.1,0.3,0.29,12.4,0.044,62.0,240.0,0.9969,3.04,0.42,9.2,white,6.0
2527,6.4,0.1,0.29,5.85,0.042,24.0,99.0,0.992,3.23,0.32,12.0,white,7.0
766,7.5,0.3,0.36,7.0,0.036,45.0,164.0,0.9939,3.03,0.33,11.0,white,5.0
30,6.6,0.2,0.41,8.9,0.046,51.0,169.0,0.9954,3.14,0.57,9.8,white,6.0
5498,6.5,0.1,0.29,1.95,0.038,73.0,166.0,0.989,3.12,0.25,12.9,white,7.0
95,6.9,0.5,0.32,13.2,0.05,53.0,236.0,0.9973,3.2,0.5,9.6,white,5.0
1143,6.3,0.4,0.22,7.3,0.035,23.0,117.0,0.9917,3.2,0.39,11.94,white,7.0
2095,6.6,0.5,0.04,2.5,0.031,48.0,111.0,0.9906,3.14,0.32,11.9,white,5.0
5629,7.2,0.4,0.44,2.6,0.066,22.0,48.0,0.9949,3.3,0.84,11.5,red,6.0
5846,6.9,0.3,0.23,8.6,0.056,56.0,215.0,0.9967,3.17,0.44,8.8,white,5.0
5262,7.7,0.2,0.52,5.9,0.017,21.0,84.0,0.9929,3.14,0.4,11.9,white,7.0
5495,5.6,0.3,0.28,1.2,0.031,33.0,97.0,0.9913,3.49,0.58,10.9,white,6.0
4408,8.4,0.2,0.31,5.4,0.052,47.0,150.0,0.9953,3.24,0.38,9.8,white,5.0
2007,8.5,0.3,0.42,2.3,0.075,12.0,19.0,0.9943,3.14,0.71,11.8,red,7.0
2948,8.1,0.4,0.42,6.6,0.033,36.0,141.0,0.9918,2.98,0.39,13.3,white,7.0
2864,10.6,0.4,0.57,2.3,0.087,6.0,20.0,0.9968,3.14,0.72,11.1,red,7.0
2668,7.8,0.5,0.49,7.0,0.043,29.0,149.0,0.9952,3.21,0.33,10.0,white,5.0
1366,6.8,0.3,0.44,9.3,0.031,35.0,137.0,0.9946,3.16,0.36,10.4,white,6.0
5465,9.1,0.5,0.33,1.3,0.07,9.0,30.0,0.9978,3.24,0.6,9.3,red,5.0
4646,6.1,0.3,0.56,2.7,0.046,46.0,184.0,0.9924,3.31,0.57,10.9,white,6.0
734,6.7,0.3,0.34,6.6,0.067,35.0,156.0,0.9954,3.11,0.48,9.3,white,6.0
5090,8.3,0.3,0.37,1.4,0.076,8.0,23.0,0.9974,3.26,0.7,9.6,red,6.0
1579,6.3,0.3,0.29,3.3,0.037,32.0,140.0,0.9895,3.17,0.36,12.8,white,7.0
5688,7.2,0.2,0.36,2.5,0.028,22.0,157.0,0.9938,3.48,0.49,10.6,white,6.0
